Datetime,geopotential heights,wspd,wdir
01-Aug-2021 00:00:00,34.518017176961,4.49462590888124,249.130864244117
01-Aug-2021 01:00:00,34.518017176961,3.97844369657412,246.301829753579
01-Aug-2021 02:00:00,34.518017176961,3.83506573346042,241.69934280858
01-Aug-2021 03:00:00,34.518017176961,3.96768765224973,239.977973226477
01-Aug-2021 04:00:00,34.518017176961,4.02377963302809,247.118513901746
01-Aug-2021 05:00:00,34.518017176961,4.26303771410821,243.784234485213
01-Aug-2021 06:00:00,34.518017176961,4.030775351711,241.602864431544
01-Aug-2021 07:00:00,34.518017176961,3.79599510205218,240.584195796274
01-Aug-2021 08:00:00,34.518017176961,3.33342442834337,240.706639085472
01-Aug-2021 09:00:00,34.518017176961,3.60618069517554,239.611269247233
01-Aug-2021 10:00:00,34.518017176961,4.33494638697723,247.248810377824
01-Aug-2021 11:00:00,34.518017176961,4.04063741125052,252.685598683027
01-Aug-2021 12:00:00,34.518017176961,3.63063428568309,261.95605299113
01-Aug-2021 13:00:00,34.518017176961,3.85004498771524,281.274641263585
01-Aug-2021 14:00:00,34.518017176961,3.70153138386025,286.818954619791
01-Aug-2021 15:00:00,34.518017176961,4.25799523999196,289.63131446704
01-Aug-2021 16:00:00,34.518017176961,4.3686667580701,291.614381000194
01-Aug-2021 17:00:00,34.518017176961,4.03612006639231,296.937255675834
01-Aug-2021 18:00:00,34.518017176961,3.5576978999562,291.103867985939
01-Aug-2021 19:00:00,34.518017176961,3.10068247030394,283.117691946684
01-Aug-2021 20:00:00,34.518017176961,2.82833345545796,279.287360032376
01-Aug-2021 21:00:00,34.518017176961,2.87918013650624,273.259981284661
01-Aug-2021 22:00:00,34.518017176961,3.05410136923593,275.070927566821
01-Aug-2021 23:00:00,34.518017176961,3.41380248088817,270.935459639234
02-Aug-2021 00:00:00,34.518017176961,3.58923516782954,260.20917520603
02-Aug-2021 01:00:00,34.518017176961,3.78417766536976,257.259956532441
02-Aug-2021 02:00:00,34.518017176961,3.823964307975,254.784273792214
02-Aug-2021 03:00:00,34.518017176961,3.84458705401569,253.790100588885
02-Aug-2021 04:00:00,34.518017176961,3.94355894737452,251.669970294384
02-Aug-2021 05:00:00,34.518017176961,3.92940851561555,248.86015837825
02-Aug-2021 06:00:00,34.518017176961,4.44279878012307,246.158455318224
02-Aug-2021 07:00:00,34.518017176961,5.77899054591336,260.274226946996
02-Aug-2021 08:00:00,34.518017176961,5.57901648394789,259.996143605832
02-Aug-2021 09:00:00,34.518017176961,5.37498732487552,261.18697701081
02-Aug-2021 10:00:00,34.518017176961,4.98875022034973,269.922023141023
02-Aug-2021 11:00:00,34.518017176961,4.89189618123027,272.621753346394
02-Aug-2021 12:00:00,34.518017176961,5.02082726131594,278.917720854704
02-Aug-2021 13:00:00,34.518017176961,5.13380220866417,281.240194637593
02-Aug-2021 14:00:00,34.518017176961,5.30695649144549,282.195923374713
02-Aug-2021 15:00:00,34.518017176961,5.12551539018834,281.088593809424
02-Aug-2021 16:00:00,34.518017176961,4.99085184600854,279.554362922912
02-Aug-2021 17:00:00,34.518017176961,4.70778284064576,281.530192065577
02-Aug-2021 18:00:00,34.518017176961,4.19141227774174,281.964405487784
02-Aug-2021 19:00:00,34.518017176961,3.4289170676907,280.46328142333
02-Aug-2021 20:00:00,34.518017176961,2.88752820850385,277.222406776151
02-Aug-2021 21:00:00,34.518017176961,2.69408739855034,271.910958926558
02-Aug-2021 22:00:00,34.518017176961,2.14328173017674,259.203841298337
02-Aug-2021 23:00:00,34.518017176961,2.22149990532018,254.205333434158
03-Aug-2021 00:00:00,34.518017176961,2.41126154885038,254.147384820019
03-Aug-2021 01:00:00,34.518017176961,2.32928993357725,255.929042747263
03-Aug-2021 02:00:00,34.518017176961,2.24526253639645,263.658396981045
03-Aug-2021 03:00:00,34.518017176961,2.14691419352501,265.719171982603
03-Aug-2021 04:00:00,34.518017176961,1.94020850144775,252.864960749828
03-Aug-2021 05:00:00,34.518017176961,2.02557728133894,255.640309057213
03-Aug-2021 06:00:00,34.518017176961,2.05040647198005,257.704563026254
03-Aug-2021 07:00:00,34.518017176961,2.09196549594059,251.955100869206
03-Aug-2021 08:00:00,34.518017176961,1.8650030310156,255.109039825194
03-Aug-2021 09:00:00,34.518017176961,1.63888084892315,257.899122083043
03-Aug-2021 10:00:00,34.518017176961,0.934158679988776,277.536413384629
03-Aug-2021 11:00:00,34.518017176961,1.15636833384727,279.779256209077
03-Aug-2021 12:00:00,34.518017176961,1.37659339802906,271.965258710123
03-Aug-2021 13:00:00,34.518017176961,1.56647775066696,268.296132240803
03-Aug-2021 14:00:00,34.518017176961,1.52463200888235,280.130639914725
03-Aug-2021 15:00:00,34.518017176961,1.60613077686374,299.508220501596
03-Aug-2021 16:00:00,34.518017176961,1.87064418829106,310.486563902224
03-Aug-2021 17:00:00,34.518017176961,2.17976748532608,323.728205299258
03-Aug-2021 18:00:00,34.518017176961,2.34656822702209,347.223422531207
03-Aug-2021 19:00:00,34.518017176961,2.16276084998605,359.60361067768
03-Aug-2021 20:00:00,34.518017176961,1.74734434803615,8.07553182706933
03-Aug-2021 21:00:00,34.518017176961,1.86956489114569,16.54204323318
03-Aug-2021 22:00:00,34.518017176961,1.58767457400232,42.786777521371
03-Aug-2021 23:00:00,34.518017176961,1.68294274910816,30.5945564573626
04-Aug-2021 00:00:00,34.518017176961,1.8200591418468,43.6048331664198
04-Aug-2021 01:00:00,34.518017176961,1.55800889213565,38.7593465678909
04-Aug-2021 02:00:00,34.518017176961,1.66320538428175,33.371462774245
04-Aug-2021 03:00:00,34.518017176961,1.70746518533229,33.6316344196457
04-Aug-2021 04:00:00,34.518017176961,2.16838198059421,20.8304851015292
04-Aug-2021 05:00:00,34.518017176961,2.56402568554108,16.2595769682708
04-Aug-2021 06:00:00,34.518017176961,2.38236611791594,28.349999444584
04-Aug-2021 07:00:00,34.518017176961,2.32338349248918,46.9820461877644
04-Aug-2021 08:00:00,34.518017176961,2.42435593008762,59.6242578310751
04-Aug-2021 09:00:00,34.518017176961,2.5044104769831,67.5698003911111
04-Aug-2021 10:00:00,34.518017176961,2.4273649180834,60.0537289682212
04-Aug-2021 11:00:00,34.518017176961,2.01403267476823,57.2151242668415
04-Aug-2021 12:00:00,34.518017176961,2.45856042992317,36.0150444611338
04-Aug-2021 13:00:00,34.518017176961,3.13752255473576,28.0033097490522
04-Aug-2021 14:00:00,34.518017176961,3.32242994903701,51.6261984504944
04-Aug-2021 15:00:00,34.518017176961,2.96624144942319,74.5391161756432
04-Aug-2021 16:00:00,34.518017176961,2.70866521057678,88.5353582025104
04-Aug-2021 17:00:00,34.518017176961,2.51027698767159,85.7807533345788
04-Aug-2021 18:00:00,34.518017176961,2.20399620430843,49.5164929457494
04-Aug-2021 19:00:00,34.518017176961,2.34367501122003,45.5878163239843
04-Aug-2021 20:00:00,34.518017176961,2.36443457333049,41.4864972897682
04-Aug-2021 21:00:00,34.518017176961,2.33533551058354,48.6053139628316
04-Aug-2021 22:00:00,34.518017176961,2.00651935480322,62.25007992799
04-Aug-2021 23:00:00,34.518017176961,2.04301048727226,71.025667633281
05-Aug-2021 00:00:00,34.518017176961,2.24593968566863,84.9374613721373
05-Aug-2021 01:00:00,34.518017176961,2.31971102757608,89.9044625813059
05-Aug-2021 02:00:00,34.518017176961,2.28714469431376,99.0266783698992
05-Aug-2021 03:00:00,34.518017176961,2.33614570523055,102.658749992425
05-Aug-2021 04:00:00,34.518017176961,2.53371606139055,102.256641176657
05-Aug-2021 05:00:00,34.518017176961,2.62790025868879,106.53348521373
05-Aug-2021 06:00:00,34.518017176961,2.66109895841578,104.551828080391
05-Aug-2021 07:00:00,34.518017176961,2.65118771198268,98.9351262158333
05-Aug-2021 08:00:00,34.518017176961,2.93879750196356,100.948069350368
05-Aug-2021 09:00:00,34.518017176961,3.00288768665041,107.445031761579
05-Aug-2021 10:00:00,34.518017176961,3.17219848960562,110.75313685189
05-Aug-2021 11:00:00,34.518017176961,2.95508818175196,109.050350333617
05-Aug-2021 12:00:00,34.518017176961,2.90354452160745,103.623272381519
05-Aug-2021 13:00:00,34.518017176961,2.9906448247717,112.121139057766
05-Aug-2021 14:00:00,34.518017176961,2.77019274244787,116.596090155376
05-Aug-2021 15:00:00,34.518017176961,2.32498567782133,101.994585827727
05-Aug-2021 16:00:00,34.518017176961,3.45658599300977,75.2281168620038
05-Aug-2021 17:00:00,34.518017176961,3.19379477414815,85.240950145586
05-Aug-2021 18:00:00,34.518017176961,2.6255368605389,94.4707829299973
05-Aug-2021 19:00:00,34.518017176961,2.22820744729365,102.523822459262
05-Aug-2021 20:00:00,34.518017176961,2.26674642071511,108.883646714761
05-Aug-2021 21:00:00,34.518017176961,2.66395950198276,115.972978492472
05-Aug-2021 22:00:00,34.518017176961,3.35000696415081,140.688062813249
05-Aug-2021 23:00:00,34.518017176961,2.27128656618068,136.884260988744
06-Aug-2021 00:00:00,34.518017176961,2.58858442020802,117.912881233866
06-Aug-2021 01:00:00,34.518017176961,2.94333213659838,120.243574058486
06-Aug-2021 02:00:00,34.518017176961,2.83518719770035,126.240615816321
06-Aug-2021 03:00:00,34.518017176961,3.13570268043278,118.170537949704
06-Aug-2021 04:00:00,34.518017176961,3.33167687718226,118.883730598433
06-Aug-2021 05:00:00,34.518017176961,3.57157600522772,121.714380503551
06-Aug-2021 06:00:00,34.518017176961,3.6298358613254,128.560276413663
06-Aug-2021 07:00:00,34.518017176961,3.82052911081764,139.798618022393
06-Aug-2021 08:00:00,34.518017176961,3.99800275689877,145.100195967398
06-Aug-2021 09:00:00,34.518017176961,4.3990023231841,149.514906552823
06-Aug-2021 10:00:00,29.0922285854805,4.14535812144618,150.641106474592
06-Aug-2021 11:00:00,23.076992153191,4.49096224587384,146.194735748589
06-Aug-2021 12:00:00,25.3327058152996,3.93676251289218,155.884010436098
06-Aug-2021 13:00:00,25.3327058152996,2.6735199900902,183.683978692034
06-Aug-2021 14:00:00,27.5884194774082,3.01379294452932,203.112608555716
06-Aug-2021 15:00:00,28.3403240314443,1.6143452776355,179.219508852562
06-Aug-2021 16:00:00,25.3327058152996,1.643010058345,159.437682421173
06-Aug-2021 17:00:00,26.0846103693358,1.90402439865841,177.940822096246
06-Aug-2021 18:00:00,32.8517513556585,3.20149666347963,226.112269082327
06-Aug-2021 19:00:00,34.3555604637309,2.17957906992566,232.103128933388
06-Aug-2021 20:00:00,34.518017176961,1.85191238094066,200.144750828506
06-Aug-2021 21:00:00,34.518017176961,1.79138679551614,187.705018649713
06-Aug-2021 22:00:00,32.0998468016223,2.01267342928978,133.030414766596
06-Aug-2021 23:00:00,34.518017176961,2.61964955398944,186.744728532486
07-Aug-2021 00:00:00,34.518017176961,3.01716866445767,206.465031356567
07-Aug-2021 01:00:00,34.518017176961,3.09260057626637,216.564597724018
07-Aug-2021 02:00:00,34.3555604637309,2.05712838181683,209.580734234809
07-Aug-2021 03:00:00,30.5960376935529,1.94953764655715,194.823481572191
07-Aug-2021 04:00:00,31.3479422475861,2.1501182102877,194.577486394379
07-Aug-2021 05:00:00,34.518017176961,3.04609232314061,197.063339144662
07-Aug-2021 06:00:00,34.518017176961,2.76084112620674,198.263223984236
07-Aug-2021 07:00:00,34.518017176961,2.99930248057677,212.112861908413
07-Aug-2021 08:00:00,34.518017176961,2.63288701141265,210.905389851719
07-Aug-2021 09:00:00,34.518017176961,2.7919346330006,204.436300192013
07-Aug-2021 10:00:00,34.3555604637309,1.60948331178526,193.792869807487
07-Aug-2021 11:00:00,31.3479422475861,2.2215659963269,192.174264015014
07-Aug-2021 12:00:00,23.8288967072272,2.61218165432066,196.617732416245
07-Aug-2021 13:00:00,22.3250875991578,3.04278262754727,197.173472190722
07-Aug-2021 14:00:00,21.5731830451216,2.91293049245909,183.062708848617
07-Aug-2021 15:00:00,18.5655648289769,2.90741407139825,183.945279315208
07-Aug-2021 16:00:00,9.54271018054557,2.77503281663149,185.555873240201
07-Aug-2021 17:00:00,13.3022329507265,2.41199525781877,195.140307025355
07-Aug-2021 18:00:00,14.8060420587989,1.73578660240887,208.634338104709
07-Aug-2021 19:00:00,16.3098511668683,1.54118987008767,191.490729350557
07-Aug-2021 20:00:00,16.3098511668683,1.79633893885197,174.267354419977
07-Aug-2021 21:00:00,17.0617557209045,2.03284983127486,185.590117393298
07-Aug-2021 22:00:00,16.3098511668683,1.85906595969668,150.259730031696
07-Aug-2021 23:00:00,13.3022329507265,2.46695937114069,156.982462697412
08-Aug-2021 00:00:00,16.3098511668683,2.85868230407738,193.603399563511
08-Aug-2021 01:00:00,15.5579466128321,2.79615627806548,209.355472036208
08-Aug-2021 02:00:00,19.317469383013,2.90007996906956,206.05611715998
08-Aug-2021 03:00:00,20.8212784910854,3.37712555037644,208.607731715924
08-Aug-2021 04:00:00,23.8288967072272,3.3799139137417,206.459791074998
08-Aug-2021 05:00:00,26.0846103693358,3.75601858770581,204.480776071045
08-Aug-2021 06:00:00,28.3403240314443,3.9115604784773,203.093554231346
08-Aug-2021 07:00:00,34.3555604637309,4.92136883666573,209.32439907477
08-Aug-2021 08:00:00,34.518017176961,6.37018875967767,219.431680359713
08-Aug-2021 09:00:00,34.518017176961,6.13129499162926,222.424805476674
08-Aug-2021 10:00:00,34.518017176961,5.38369028158717,220.811309985829
08-Aug-2021 11:00:00,34.518017176961,5.91860924347677,219.33505519247
08-Aug-2021 12:00:00,34.518017176961,6.26655307896806,227.147727687059
08-Aug-2021 13:00:00,34.518017176961,5.99791054577849,229.638192593658
08-Aug-2021 14:00:00,34.518017176961,5.79670348397782,226.871648226692
08-Aug-2021 15:00:00,34.518017176961,5.66233312085059,229.978168380009
08-Aug-2021 16:00:00,34.518017176961,5.28358261830082,233.416839539873
08-Aug-2021 17:00:00,34.518017176961,4.02564317367684,232.565800553676
08-Aug-2021 18:00:00,34.518017176961,3.09391982997274,224.946136169795
08-Aug-2021 19:00:00,34.518017176961,3.16773110997609,214.324785167336
08-Aug-2021 20:00:00,34.518017176961,3.58512241978047,208.7938657913
08-Aug-2021 21:00:00,34.518017176961,3.82621738486727,206.877004334782
08-Aug-2021 22:00:00,34.518017176961,4.37382131565212,209.450174680156
08-Aug-2021 23:00:00,34.518017176961,4.58980594698264,212.5949153841
09-Aug-2021 00:00:00,34.518017176961,4.453412195328,212.395249787503
09-Aug-2021 01:00:00,34.518017176961,4.33786348926239,209.190119610742
09-Aug-2021 02:00:00,34.518017176961,4.38929950854494,205.314848263288
09-Aug-2021 03:00:00,34.518017176961,4.35442204115842,204.743084111586
09-Aug-2021 04:00:00,34.518017176961,4.33218019800984,206.293325064604
09-Aug-2021 05:00:00,34.518017176961,4.48885569942332,210.080149461833
09-Aug-2021 06:00:00,34.518017176961,4.1620910255064,207.963732371533
09-Aug-2021 07:00:00,34.518017176961,5.21876202167269,216.754516894218
09-Aug-2021 08:00:00,34.518017176961,6.22660700936163,224.915353012536
09-Aug-2021 09:00:00,34.518017176961,6.22755095920775,226.300752310966
09-Aug-2021 10:00:00,34.518017176961,4.08041083078756,224.779366313261
09-Aug-2021 11:00:00,34.518017176961,4.64181392102453,212.287080012382
09-Aug-2021 12:00:00,34.518017176961,4.91301099623863,212.181188081916
09-Aug-2021 13:00:00,34.518017176961,4.44795157169517,209.02584292133
09-Aug-2021 14:00:00,34.518017176961,4.68186553291398,206.061738319763
09-Aug-2021 15:00:00,34.518017176961,4.92163506092818,210.246238723845
09-Aug-2021 16:00:00,34.518017176961,4.12553951199433,206.097752410889
09-Aug-2021 17:00:00,34.518017176961,3.34880541306778,197.746260821832
09-Aug-2021 18:00:00,34.518017176961,3.01374286519411,200.502717752954
09-Aug-2021 19:00:00,34.518017176961,3.18444954031079,194.016916633084
09-Aug-2021 20:00:00,34.518017176961,3.14157488633305,189.57585601584
09-Aug-2021 21:00:00,34.518017176961,3.34105462235469,196.380516380601
09-Aug-2021 22:00:00,34.518017176961,3.21261374426967,193.803968262732
09-Aug-2021 23:00:00,34.518017176961,2.86994908356042,186.90591716879
10-Aug-2021 00:00:00,34.518017176961,3.11394826156648,186.620575999427
10-Aug-2021 01:00:00,34.518017176961,3.11958884076023,185.355398735564
10-Aug-2021 02:00:00,34.518017176961,3.16113426305185,188.392081555756
10-Aug-2021 03:00:00,34.518017176961,2.98408736811473,195.86336202153
10-Aug-2021 04:00:00,34.518017176961,3.06536095921988,191.58158144771
10-Aug-2021 05:00:00,34.518017176961,2.98079140411618,192.585894696978
10-Aug-2021 06:00:00,34.518017176961,3.18075252066092,196.382233561434
10-Aug-2021 07:00:00,34.518017176961,3.47490156512065,198.014542223561
10-Aug-2021 08:00:00,34.518017176961,4.11717385705661,216.659715624128
10-Aug-2021 09:00:00,34.518017176961,3.76786490518349,226.943593024418
10-Aug-2021 10:00:00,34.518017176961,2.6796004151434,223.393048847528
10-Aug-2021 11:00:00,34.518017176961,2.25191878447698,205.46603427544
10-Aug-2021 12:00:00,34.518017176961,3.71812897120902,233.455581541689
10-Aug-2021 13:00:00,34.518017176961,3.80149599094989,247.023786294284
10-Aug-2021 14:00:00,34.518017176961,3.35343901146034,258.6539717083
10-Aug-2021 15:00:00,34.518017176961,3.44616883676194,259.528282658724
10-Aug-2021 16:00:00,34.518017176961,3.70597240616413,275.632538116375
10-Aug-2021 17:00:00,34.518017176961,2.92006277475358,276.173048955347
10-Aug-2021 18:00:00,34.518017176961,2.53422636520625,275.364092589399
10-Aug-2021 19:00:00,34.518017176961,2.24319567487095,278.47754680246
10-Aug-2021 20:00:00,34.518017176961,2.06430425686764,268.430948335126
10-Aug-2021 21:00:00,34.518017176961,1.68212726136783,259.337366635288
10-Aug-2021 22:00:00,34.518017176961,2.9437534054668,246.515934438899
10-Aug-2021 23:00:00,34.518017176961,2.54741298293794,252.342349692532
11-Aug-2021 00:00:00,34.518017176961,2.69449148563609,261.163753545548
11-Aug-2021 01:00:00,34.518017176961,2.40009554301526,254.811148079468
11-Aug-2021 02:00:00,34.518017176961,2.55305770801183,252.958930884389
11-Aug-2021 03:00:00,34.518017176961,2.39352106893458,249.240566339342
11-Aug-2021 04:00:00,34.518017176961,2.31660482562763,243.289573635815
11-Aug-2021 05:00:00,34.518017176961,2.63654910071804,244.611310439294
11-Aug-2021 06:00:00,34.518017176961,2.49333073133123,243.869367066518
11-Aug-2021 07:00:00,34.518017176961,2.96154193752689,250.861862245409
11-Aug-2021 08:00:00,34.518017176961,3.39244890630836,257.0558090573
11-Aug-2021 09:00:00,34.518017176961,3.47878350213474,259.681079174165
11-Aug-2021 10:00:00,34.518017176961,2.438591507107,247.967294934605
11-Aug-2021 11:00:00,34.518017176961,2.69141738149949,251.410991374129
11-Aug-2021 12:00:00,34.518017176961,2.99159245442604,260.401872827449
11-Aug-2021 13:00:00,34.518017176961,3.31769284683298,265.473075506897
11-Aug-2021 14:00:00,34.518017176961,3.55970176872841,269.942180782372
11-Aug-2021 15:00:00,34.518017176961,3.58501907346154,270.13562666424
11-Aug-2021 16:00:00,34.518017176961,3.48526897588309,272.049647036817
11-Aug-2021 17:00:00,34.518017176961,2.52171012723398,278.073156038304
11-Aug-2021 18:00:00,34.518017176961,1.18833726251081,275.866207206387
11-Aug-2021 19:00:00,34.518017176961,2.00008179102549,250.491956915536
11-Aug-2021 20:00:00,34.518017176961,1.957702338371,241.32734446106
11-Aug-2021 21:00:00,34.518017176961,1.43283736479412,232.468362267266
11-Aug-2021 22:00:00,34.518017176961,0.18668711969003,231.224639708068
11-Aug-2021 23:00:00,34.518017176961,1.35737502747766,158.584317220898
12-Aug-2021 00:00:00,34.518017176961,1.65596139306159,152.777516297513
12-Aug-2021 01:00:00,34.518017176961,1.82687695888208,152.442660123602
12-Aug-2021 02:00:00,34.518017176961,2.08646390030537,154.841842567784
12-Aug-2021 03:00:00,34.518017176961,2.01723055532872,163.029516470122
12-Aug-2021 04:00:00,34.518017176961,2.06458753140976,165.921219320503
12-Aug-2021 05:00:00,34.518017176961,2.45023562227555,165.618213365996
12-Aug-2021 06:00:00,34.518017176961,2.93014031325922,166.14311921264
12-Aug-2021 07:00:00,34.518017176961,2.65086315202298,165.960533888197
12-Aug-2021 08:00:00,34.518017176961,2.99652186851179,171.863664522188
12-Aug-2021 09:00:00,34.518017176961,3.02669164066866,169.793186618433
12-Aug-2021 10:00:00,34.518017176961,2.93405727331928,173.379713544721
12-Aug-2021 11:00:00,34.518017176961,3.63090312970481,199.2022668971
12-Aug-2021 12:00:00,34.518017176961,3.59931810056289,210.597755335156
12-Aug-2021 13:00:00,34.518017176961,3.29081004189724,217.388640683401
12-Aug-2021 14:00:00,34.518017176961,3.31348186238153,218.583427648994
12-Aug-2021 15:00:00,34.518017176961,3.00561026746331,219.22554103606
12-Aug-2021 16:00:00,34.518017176961,2.63538650314145,221.499706966877
12-Aug-2021 17:00:00,34.518017176961,1.75413136367581,244.482668859216
12-Aug-2021 18:00:00,34.518017176961,1.54677675117684,271.354041951653
12-Aug-2021 19:00:00,34.518017176961,1.82980970721135,289.211338629584
12-Aug-2021 20:00:00,34.518017176961,1.75982715158124,285.656600973457
12-Aug-2021 21:00:00,34.518017176961,1.85730809888213,296.721552985327
12-Aug-2021 22:00:00,34.518017176961,2.23480217487728,317.121258389433
12-Aug-2021 23:00:00,34.518017176961,1.27330040312348,348.386995201453
13-Aug-2021 00:00:00,34.518017176961,0.407673830693119,274.642766207218
13-Aug-2021 01:00:00,34.518017176961,0.135860666901371,260.956734488197
13-Aug-2021 02:00:00,34.518017176961,1.29615398694825,198.937122323407
13-Aug-2021 03:00:00,34.518017176961,1.51810076224997,168.809702075501
13-Aug-2021 04:00:00,34.518017176961,1.84115972440095,191.966979661814
13-Aug-2021 05:00:00,34.518017176961,2.2170585621905,197.890232982282
13-Aug-2021 06:00:00,34.518017176961,2.44528315714323,190.219610191531
13-Aug-2021 07:00:00,34.518017176961,2.28011027750381,202.908997247421
13-Aug-2021 08:00:00,34.518017176961,2.5571354963472,209.319412337754
13-Aug-2021 09:00:00,34.518017176961,2.65453542047764,218.00222426102
13-Aug-2021 10:00:00,34.518017176961,2.95148659086152,229.151403362472
13-Aug-2021 11:00:00,34.518017176961,4.13743245094237,231.134935352762
13-Aug-2021 12:00:00,34.518017176961,4.39329250434227,230.860310531027
13-Aug-2021 13:00:00,34.518017176961,4.98878894717235,243.198248020952
13-Aug-2021 14:00:00,34.518017176961,5.63323236750581,252.89826615156
13-Aug-2021 15:00:00,34.518017176961,5.64247331872662,268.50238848157
13-Aug-2021 16:00:00,34.518017176961,5.38953229494844,281.454678417814
13-Aug-2021 17:00:00,34.518017176961,5.22345763935471,286.759508880258
13-Aug-2021 18:00:00,34.518017176961,4.84957622673768,287.49506577265
13-Aug-2021 19:00:00,34.518017176961,4.10034076312649,286.053854513466
13-Aug-2021 20:00:00,34.518017176961,3.46678220369007,284.539343496079
13-Aug-2021 21:00:00,34.518017176961,3.09184273009044,275.822239135086
13-Aug-2021 22:00:00,34.518017176961,2.90195458032752,271.774031373952
13-Aug-2021 23:00:00,34.518017176961,2.28422808749956,255.341825638824
14-Aug-2021 00:00:00,34.518017176961,2.15802634783955,238.487980997895
14-Aug-2021 01:00:00,34.518017176961,2.2857360652984,235.470386425759
14-Aug-2021 02:00:00,34.518017176961,2.32398161745573,226.656850544427
14-Aug-2021 03:00:00,34.518017176961,2.48863320634715,215.033207143835
14-Aug-2021 04:00:00,34.518017176961,2.86001893951612,210.691101668603
14-Aug-2021 05:00:00,34.518017176961,3.36767167851244,210.630073385707
14-Aug-2021 06:00:00,34.518017176961,3.55606407089105,210.419569308489
14-Aug-2021 07:00:00,34.518017176961,4.18903027551366,216.735016691109
14-Aug-2021 08:00:00,34.518017176961,4.56544150684374,218.273981471996
14-Aug-2021 09:00:00,34.518017176961,4.45525532603551,219.096287452104
14-Aug-2021 10:00:00,34.518017176961,4.40262941086599,223.038239531401
14-Aug-2021 11:00:00,34.518017176961,5.44130721672153,229.639760910346
14-Aug-2021 12:00:00,34.518017176961,5.05690352639399,229.778329741225
14-Aug-2021 13:00:00,34.518017176961,6.21208785467542,249.824403298125
14-Aug-2021 14:00:00,34.518017176961,5.92434090999259,260.560355861919
14-Aug-2021 15:00:00,34.518017176961,5.68663110289007,264.489713483159
14-Aug-2021 16:00:00,34.518017176961,4.58461375748792,269.662085942995
14-Aug-2021 17:00:00,34.518017176961,4.911142000146,276.399500124651
14-Aug-2021 18:00:00,34.518017176961,4.84047107087746,285.961329150619
14-Aug-2021 19:00:00,34.518017176961,4.12015200699188,286.417003820814
14-Aug-2021 20:00:00,34.518017176961,3.69667155425766,282.876112695425
14-Aug-2021 21:00:00,34.518017176961,3.26097382886902,275.055439104946
14-Aug-2021 22:00:00,34.518017176961,2.81114153770669,263.118619954021
14-Aug-2021 23:00:00,34.518017176961,2.74307116968874,248.411074778001
15-Aug-2021 00:00:00,34.518017176961,2.98206451860435,235.421150614302
15-Aug-2021 01:00:00,34.518017176961,3.0325336129631,225.876350862277
15-Aug-2021 02:00:00,34.518017176961,3.18545640733328,225.130096558869
15-Aug-2021 03:00:00,34.518017176961,3.10738435505068,236.419289588595
15-Aug-2021 04:00:00,34.518017176961,2.86423386094839,233.054288836042
15-Aug-2021 05:00:00,34.518017176961,2.99596885600061,226.510299233828
15-Aug-2021 06:00:00,34.518017176961,3.21184191273486,227.508483805985
15-Aug-2021 07:00:00,34.518017176961,3.01922945563466,238.599343212056
15-Aug-2021 08:00:00,34.518017176961,2.8145154991162,238.46163670053
15-Aug-2021 09:00:00,34.518017176961,2.89118618153781,241.542024003366
15-Aug-2021 10:00:00,34.518017176961,2.54767796144769,232.627298348415
15-Aug-2021 11:00:00,34.518017176961,2.95835903793423,240.544184580505
15-Aug-2021 12:00:00,34.518017176961,2.47390637952695,241.759653215059
15-Aug-2021 13:00:00,34.518017176961,2.71456113009947,237.921885032121
15-Aug-2021 14:00:00,34.518017176961,3.56178441027662,232.286839616515
15-Aug-2021 15:00:00,34.518017176961,3.20112299497921,227.020393244872
15-Aug-2021 16:00:00,34.518017176961,2.62622845549615,227.239814360535
15-Aug-2021 17:00:00,34.518017176961,2.27382027010973,221.034464719338
15-Aug-2021 18:00:00,34.518017176961,2.58685929672327,217.525368556566
15-Aug-2021 19:00:00,34.518017176961,3.10200150990436,221.139468600685
15-Aug-2021 20:00:00,34.518017176961,3.29293941646883,229.669605658707
15-Aug-2021 21:00:00,34.518017176961,3.1973609322946,247.301270735226
15-Aug-2021 22:00:00,34.518017176961,2.81558351218054,258.795054935459
15-Aug-2021 23:00:00,34.518017176961,2.68157681296103,240.385964631566
16-Aug-2021 00:00:00,34.518017176961,3.05502306580132,238.266980031457
16-Aug-2021 01:00:00,34.518017176961,3.00662933233396,248.031828518246
16-Aug-2021 02:00:00,34.518017176961,2.93454703208801,246.49833457825
16-Aug-2021 03:00:00,34.518017176961,2.50912254087665,236.356197432569
16-Aug-2021 04:00:00,34.518017176961,2.8643956951126,226.833658456091
16-Aug-2021 05:00:00,34.518017176961,3.91007574805561,223.543871752628
16-Aug-2021 06:00:00,34.518017176961,5.53861476312057,234.642243853596
16-Aug-2021 07:00:00,34.518017176961,6.75820105463847,243.069476048107
16-Aug-2021 08:00:00,34.518017176961,5.41107203220372,235.309391809051
16-Aug-2021 09:00:00,34.518017176961,5.65113895190416,227.504415941264
16-Aug-2021 10:00:00,34.518017176961,5.22420491884219,239.769343899658
16-Aug-2021 11:00:00,34.518017176961,6.07668400844557,238.376076172138
16-Aug-2021 12:00:00,34.518017176961,5.47385842578015,244.208977003479
16-Aug-2021 13:00:00,34.518017176961,5.80249572212502,251.465348110049
16-Aug-2021 14:00:00,34.518017176961,6.17807568865309,258.042628639628
16-Aug-2021 15:00:00,34.518017176961,6.4125284039483,270.494815399004
16-Aug-2021 16:00:00,34.518017176961,6.77720226286417,276.391996174785
16-Aug-2021 17:00:00,34.518017176961,5.8314336413777,267.925842019053
16-Aug-2021 18:00:00,34.518017176961,6.35273482921042,249.969576794026
16-Aug-2021 19:00:00,34.518017176961,7.00047141316596,238.793427211171
16-Aug-2021 20:00:00,34.518017176961,7.61403278820503,233.794531082042
16-Aug-2021 21:00:00,34.518017176961,7.85259546147984,239.73075772738
16-Aug-2021 22:00:00,34.518017176961,8.09188429055441,268.450052596036
16-Aug-2021 23:00:00,34.518017176961,7.74241298672365,273.796017166466
17-Aug-2021 00:00:00,34.518017176961,7.14753227877327,274.363764968548
17-Aug-2021 01:00:00,34.518017176961,7.14279796670614,278.453773411771
17-Aug-2021 02:00:00,34.518017176961,6.66559220424458,275.627366563919
17-Aug-2021 03:00:00,34.518017176961,6.82432674452166,274.8761276903
17-Aug-2021 04:00:00,34.518017176961,6.82169052084231,272.23505985384
17-Aug-2021 05:00:00,34.518017176961,7.19196311310053,269.544027386098
17-Aug-2021 06:00:00,34.518017176961,7.22920624343986,267.408494202618
17-Aug-2021 07:00:00,34.518017176961,5.93875807181015,260.805756311297
17-Aug-2021 08:00:00,34.518017176961,6.29969364366555,256.810911303029
17-Aug-2021 09:00:00,34.518017176961,7.26685530908509,262.041791851734
17-Aug-2021 10:00:00,34.518017176961,6.95079334826232,262.880167805431
17-Aug-2021 11:00:00,34.518017176961,7.96823423925319,266.231786028656
17-Aug-2021 12:00:00,34.518017176961,8.07638803322835,269.082322022116
17-Aug-2021 13:00:00,34.518017176961,6.81275920620744,264.208689210425
17-Aug-2021 14:00:00,34.518017176961,7.90851836261107,269.405175278779
17-Aug-2021 15:00:00,34.518017176961,7.06902313210883,269.297098496477
17-Aug-2021 16:00:00,34.518017176961,6.94095447116909,266.866222358009
17-Aug-2021 17:00:00,34.518017176961,6.21739174687502,261.489353111174
17-Aug-2021 18:00:00,34.518017176961,5.48480687493395,254.868927341585
17-Aug-2021 19:00:00,34.518017176961,5.1844243559947,256.345506560595
17-Aug-2021 20:00:00,34.518017176961,4.89297272105541,257.827876877279
17-Aug-2021 21:00:00,34.518017176961,4.65633016844745,257.566351924964
17-Aug-2021 22:00:00,34.518017176961,4.98167066705684,252.866827359607
17-Aug-2021 23:00:00,34.518017176961,5.00301660879927,254.455463475007
18-Aug-2021 00:00:00,34.518017176961,4.81690991645019,254.764915856151
18-Aug-2021 01:00:00,34.518017176961,4.67534176366862,250.970630001995
18-Aug-2021 02:00:00,34.518017176961,4.85816946642295,250.276916011526
18-Aug-2021 03:00:00,34.518017176961,4.84224793100208,247.053852082581
18-Aug-2021 04:00:00,34.518017176961,4.82255982988422,242.515306710743
18-Aug-2021 05:00:00,34.518017176961,4.97231099553021,240.778107741221
18-Aug-2021 06:00:00,34.518017176961,6.27863803808679,242.546833925063
18-Aug-2021 07:00:00,34.518017176961,6.73317125154074,248.64077803596
18-Aug-2021 08:00:00,34.518017176961,5.24646469364927,252.950373655275
18-Aug-2021 09:00:00,34.518017176961,7.26128945417742,270.734121623224
18-Aug-2021 10:00:00,34.518017176961,7.35764464275733,273.202084063811
18-Aug-2021 11:00:00,34.518017176961,6.57406048173137,269.885096419065
18-Aug-2021 12:00:00,34.518017176961,7.83013684171317,275.47733194636
18-Aug-2021 13:00:00,34.518017176961,6.93651823571386,274.217211241886
18-Aug-2021 14:00:00,34.518017176961,6.97784970677937,273.519756947605
18-Aug-2021 15:00:00,34.518017176961,7.35792716650559,275.340839636934
18-Aug-2021 16:00:00,34.518017176961,5.59389856806338,267.229505840954
18-Aug-2021 17:00:00,34.518017176961,5.0543581253334,263.712780422988
18-Aug-2021 18:00:00,34.518017176961,4.9515979877325,263.101686630688
18-Aug-2021 19:00:00,34.518017176961,5.05577506340046,257.830461652566
18-Aug-2021 20:00:00,34.518017176961,5.20695322955333,255.962915495648
18-Aug-2021 21:00:00,34.518017176961,5.42055036558545,254.840863121684
18-Aug-2021 22:00:00,34.518017176961,5.14790501167545,253.130827426242
18-Aug-2021 23:00:00,34.518017176961,5.34922574225403,255.185520971773
19-Aug-2021 00:00:00,34.518017176961,5.40833200797971,252.467900017716
19-Aug-2021 01:00:00,34.518017176961,5.50979199059527,252.70033686758
19-Aug-2021 02:00:00,34.518017176961,5.44471700699427,253.366838355925
19-Aug-2021 03:00:00,34.518017176961,5.25243508523416,254.954249493517
19-Aug-2021 04:00:00,34.518017176961,4.92623971902829,257.03093559046
19-Aug-2021 05:00:00,34.518017176961,4.66001925018064,257.866908115413
19-Aug-2021 06:00:00,34.518017176961,3.97898165251808,252.623147782968
19-Aug-2021 07:00:00,34.518017176961,4.94087570699543,256.714719541939
19-Aug-2021 08:00:00,34.518017176961,5.96896554809276,269.614285039701
19-Aug-2021 09:00:00,34.518017176961,5.6916892853582,272.199457971385
19-Aug-2021 10:00:00,34.518017176961,5.04532644869668,277.126289213943
19-Aug-2021 11:00:00,34.518017176961,5.26834911171565,269.234574450151
19-Aug-2021 12:00:00,34.518017176961,5.3064104766567,266.98325729998
19-Aug-2021 13:00:00,34.518017176961,5.20235117671847,265.519095340076
19-Aug-2021 14:00:00,34.518017176961,4.07922198527147,267.408890643086
19-Aug-2021 15:00:00,34.518017176961,3.74592661521398,271.048152625538
19-Aug-2021 16:00:00,34.518017176961,3.25297533159475,276.312968315984
19-Aug-2021 17:00:00,34.518017176961,2.74516674978528,280.542749681758
19-Aug-2021 18:00:00,34.518017176961,3.06914546624246,278.298191337132
19-Aug-2021 19:00:00,34.518017176961,2.96499526845709,279.4050457094
19-Aug-2021 20:00:00,34.518017176961,2.91066058944241,275.574422788517
19-Aug-2021 21:00:00,34.518017176961,2.65776072443333,269.792365893094
19-Aug-2021 22:00:00,34.518017176961,2.32340010636161,256.100298838031
19-Aug-2021 23:00:00,34.518017176961,2.10313966929357,244.098319706452
20-Aug-2021 00:00:00,34.518017176961,1.93270573650651,237.700022579415
20-Aug-2021 01:00:00,34.518017176961,1.80974767118968,228.055312972493
20-Aug-2021 02:00:00,34.518017176961,1.27093923798149,236.873796184336
20-Aug-2021 03:00:00,34.518017176961,1.02445823353805,245.713229162139
20-Aug-2021 04:00:00,34.518017176961,0.684713046429635,205.606973171859
20-Aug-2021 05:00:00,34.518017176961,0.989446195889368,189.857088186219
20-Aug-2021 06:00:00,34.518017176961,1.21870916361883,184.259722481412
20-Aug-2021 07:00:00,34.518017176961,1.54854834398969,199.925663715908
20-Aug-2021 08:00:00,34.518017176961,1.77548209362079,227.940042132016
20-Aug-2021 09:00:00,34.518017176961,1.99660090849671,230.958800189597
20-Aug-2021 10:00:00,34.518017176961,2.61676177741002,246.347922996182
20-Aug-2021 11:00:00,34.518017176961,3.49076506271747,253.181700850221
20-Aug-2021 12:00:00,34.518017176961,4.08475310240791,257.656031682663
20-Aug-2021 13:00:00,34.518017176961,4.81461155114787,276.056251446875
20-Aug-2021 14:00:00,34.518017176961,4.19873936463159,296.246740527539
20-Aug-2021 15:00:00,34.518017176961,3.10277905655193,319.061634867149
20-Aug-2021 16:00:00,34.518017176961,2.90689236519045,305.50137984767
20-Aug-2021 17:00:00,34.518017176961,2.32202925506183,305.934038474114
20-Aug-2021 18:00:00,34.518017176961,1.48641411094926,318.091160468361
20-Aug-2021 19:00:00,34.518017176961,1.613780839295,307.364569886599
20-Aug-2021 20:00:00,34.518017176961,1.79248555308569,286.533431815513
20-Aug-2021 21:00:00,34.518017176961,1.51350808793532,286.231742271441
20-Aug-2021 22:00:00,34.518017176961,1.50515697724255,310.468496751
20-Aug-2021 23:00:00,34.518017176961,1.90396470537717,333.824144869144
21-Aug-2021 00:00:00,34.518017176961,1.9055926890357,346.590774899226
21-Aug-2021 01:00:00,34.518017176961,1.75983882316664,3.4438493492943
21-Aug-2021 02:00:00,34.518017176961,1.76049191583745,27.4460427470089
21-Aug-2021 03:00:00,34.518017176961,1.49096637334522,40.9710527269843
21-Aug-2021 04:00:00,34.518017176961,1.79576534792318,45.0722767286747
21-Aug-2021 05:00:00,34.518017176961,1.75229548557079,54.4784136830045
21-Aug-2021 06:00:00,34.518017176961,1.70104243041177,78.4236781573156
21-Aug-2021 07:00:00,34.518017176961,1.53632304360813,91.8831290861251
21-Aug-2021 08:00:00,34.518017176961,1.37103423109583,97.3407431699122
21-Aug-2021 09:00:00,34.518017176961,1.2969464987285,84.4373661104534
21-Aug-2021 10:00:00,34.518017176961,1.09089076675288,126.257527883225
21-Aug-2021 11:00:00,34.518017176961,1.44281562114957,142.267940519589
21-Aug-2021 12:00:00,34.518017176961,1.92036131547148,137.556757377869
21-Aug-2021 13:00:00,34.518017176961,1.94839120184714,132.994654559061
21-Aug-2021 14:00:00,34.518017176961,1.75428526928722,139.340798493215
21-Aug-2021 15:00:00,34.518017176961,1.65353655651308,136.603537872429
21-Aug-2021 16:00:00,34.518017176961,1.72032123717419,120.737978809604
21-Aug-2021 17:00:00,34.518017176961,1.27807255136626,96.0168237330582
21-Aug-2021 18:00:00,34.518017176961,1.42099330875079,92.1936989532792
21-Aug-2021 19:00:00,34.518017176961,2.21959245753888,89.7534286004364
21-Aug-2021 20:00:00,34.518017176961,2.30892818616539,94.7491253860575
21-Aug-2021 21:00:00,34.518017176961,2.6694773376421,98.264251381929
21-Aug-2021 22:00:00,34.518017176961,3.09431744679495,113.621172028696
21-Aug-2021 23:00:00,34.518017176961,3.41404401870905,112.322028264325
22-Aug-2021 00:00:00,34.518017176961,3.69790095993337,106.958050524441
22-Aug-2021 01:00:00,34.518017176961,3.72786168583101,107.474797950644
22-Aug-2021 02:00:00,34.518017176961,3.94374355460673,96.2839495870003
22-Aug-2021 03:00:00,34.518017176961,4.42332992650311,94.0486512216439
22-Aug-2021 04:00:00,34.518017176961,4.2079189860545,97.134363937501
22-Aug-2021 05:00:00,34.518017176961,3.89725949925106,99.634797959765
22-Aug-2021 06:00:00,34.518017176961,3.87484858590355,98.8501085134861
22-Aug-2021 07:00:00,34.518017176961,4.17044853610449,98.6278145645734
22-Aug-2021 08:00:00,34.518017176961,3.94038049117368,103.604966166794
22-Aug-2021 09:00:00,34.518017176961,3.53850850676406,102.365859802527
22-Aug-2021 10:00:00,34.518017176961,4.51079866106855,116.190156302905
22-Aug-2021 11:00:00,34.518017176961,3.47565563902007,106.44123452124
22-Aug-2021 12:00:00,34.518017176961,3.35089044232785,101.113248158762
22-Aug-2021 13:00:00,34.518017176961,3.53918170741229,93.2632833180836
22-Aug-2021 14:00:00,34.518017176961,4.27015271746077,81.026477584274
22-Aug-2021 15:00:00,34.518017176961,3.13180711886738,74.4125858398541
22-Aug-2021 16:00:00,34.518017176961,3.13960149122433,62.3533121038365
22-Aug-2021 17:00:00,34.518017176961,3.03226894953093,61.1554823980474
22-Aug-2021 18:00:00,34.518017176961,2.78514801938809,67.3049165339801
22-Aug-2021 19:00:00,34.518017176961,2.60799610724668,62.3852638361949
22-Aug-2021 20:00:00,34.518017176961,2.13862181178405,48.0042813584434
22-Aug-2021 21:00:00,34.518017176961,1.9549543984926,29.4098422860532
22-Aug-2021 22:00:00,34.518017176961,2.45888159390508,37.1913630217981
22-Aug-2021 23:00:00,34.518017176961,2.45483462767121,30.2564259083658
23-Aug-2021 00:00:00,34.518017176961,2.93709273708718,27.4500824666214
23-Aug-2021 01:00:00,34.518017176961,3.53050745271699,27.3040989885907
23-Aug-2021 02:00:00,34.518017176961,3.77290551936919,30.6594297581928
23-Aug-2021 03:00:00,34.518017176961,3.65470615164717,32.5385863924182
23-Aug-2021 04:00:00,34.518017176961,3.6235591954637,30.018499843136
23-Aug-2021 05:00:00,34.518017176961,3.91921458263888,31.5965523358582
23-Aug-2021 06:00:00,34.518017176961,4.17782258004452,40.8715557107728
23-Aug-2021 07:00:00,34.518017176961,4.11322385437745,47.6703019747185
23-Aug-2021 08:00:00,34.518017176961,4.57715543735448,54.3037814980036
23-Aug-2021 09:00:00,34.518017176961,4.75158747706863,50.6769919214353
23-Aug-2021 10:00:00,34.518017176961,4.62613155198656,57.4424391990914
23-Aug-2021 11:00:00,34.518017176961,4.90742681096156,55.9191883033619
23-Aug-2021 12:00:00,34.518017176961,5.03359253895922,53.2748148790502
23-Aug-2021 13:00:00,34.518017176961,5.26327823684406,51.3870466364413
23-Aug-2021 14:00:00,34.518017176961,5.13020044969825,46.8151539154648
23-Aug-2021 15:00:00,34.518017176961,4.63582645325172,34.8672147207045
23-Aug-2021 16:00:00,34.518017176961,4.44668813135388,28.0204051730787
23-Aug-2021 17:00:00,34.518017176961,3.73708657847614,28.0512424952658
23-Aug-2021 18:00:00,34.518017176961,2.88814519399064,31.902727924265
23-Aug-2021 19:00:00,34.518017176961,2.16969982518699,32.7294216504043
23-Aug-2021 20:00:00,34.518017176961,1.9026344893531,25.3298327948519
23-Aug-2021 21:00:00,34.518017176961,1.86651426952263,23.6487186393378
23-Aug-2021 22:00:00,34.518017176961,2.24287397564908,45.3513978745912
23-Aug-2021 23:00:00,34.518017176961,2.03389023061311,58.5065477134668
24-Aug-2021 00:00:00,34.518017176961,1.91605076638783,59.8759363734792
24-Aug-2021 01:00:00,34.518017176961,1.94664232333089,60.1321044019598
24-Aug-2021 02:00:00,34.518017176961,1.90996083238315,58.403491775001
24-Aug-2021 03:00:00,34.518017176961,1.83955217619503,53.4757199782289
24-Aug-2021 04:00:00,34.518017176961,1.79332960923162,56.3140058318588
24-Aug-2021 05:00:00,34.518017176961,1.83198831682576,60.4809244285477
24-Aug-2021 06:00:00,34.518017176961,2.16684840262582,63.4654966994176
24-Aug-2021 07:00:00,34.518017176961,2.3212814104681,67.0880875517144
24-Aug-2021 08:00:00,34.518017176961,2.51509655220244,68.2377827415419
24-Aug-2021 09:00:00,34.518017176961,2.62490513941771,61.4188768258861
24-Aug-2021 10:00:00,34.518017176961,2.39829813004254,66.1950732289136
24-Aug-2021 11:00:00,34.518017176961,3.2105709697519,61.1854283015475
24-Aug-2021 12:00:00,34.518017176961,3.46979261185604,53.8269069677103
24-Aug-2021 13:00:00,34.518017176961,3.25701416942134,54.6469677229957
24-Aug-2021 14:00:00,34.518017176961,3.2303851030905,53.9691208416537
24-Aug-2021 15:00:00,34.518017176961,3.08357797300844,50.8695885209702
24-Aug-2021 16:00:00,34.518017176961,2.79111952629049,57.7036573034871
24-Aug-2021 17:00:00,34.518017176961,2.11520699197367,71.7372658141658
24-Aug-2021 18:00:00,34.518017176961,1.44673773790173,81.5293303259155
24-Aug-2021 19:00:00,34.518017176961,1.97043674080272,80.9560680786944
24-Aug-2021 20:00:00,34.518017176961,1.68285597115565,91.9853361225505
24-Aug-2021 21:00:00,34.518017176961,1.08589838543199,105.251850340088
24-Aug-2021 22:00:00,34.518017176961,0.854463801636894,143.605304742941
24-Aug-2021 23:00:00,34.518017176961,0.884033368852433,216.742544178769
25-Aug-2021 00:00:00,34.518017176961,1.49349207592316,236.537223763486
25-Aug-2021 01:00:00,34.518017176961,1.54510317068042,235.650067007367
25-Aug-2021 02:00:00,34.518017176961,1.61382524057443,247.600278083046
25-Aug-2021 03:00:00,34.518017176961,1.95853098201533,264.482241807323
25-Aug-2021 04:00:00,34.518017176961,2.21290560628979,263.296777959431
25-Aug-2021 05:00:00,34.518017176961,2.58633026800078,264.955860128844
25-Aug-2021 06:00:00,34.518017176961,3.04309346466559,260.301271315682
25-Aug-2021 07:00:00,34.518017176961,3.15518396803257,271.98659505123
25-Aug-2021 08:00:00,34.518017176961,4.59794610649851,281.475082202052
25-Aug-2021 09:00:00,34.518017176961,5.49513343079146,281.322305546649
25-Aug-2021 10:00:00,34.518017176961,6.1390341343439,285.971035727031
25-Aug-2021 11:00:00,34.518017176961,6.42654577219699,276.449019088884
25-Aug-2021 12:00:00,34.518017176961,7.63235376609896,283.586162178418
25-Aug-2021 13:00:00,34.518017176961,7.89999658660788,280.605715579929
25-Aug-2021 14:00:00,34.518017176961,7.57596606798324,281.344299995688
25-Aug-2021 15:00:00,34.518017176961,7.43602287718804,283.315479037648
25-Aug-2021 16:00:00,34.518017176961,6.61189785655638,282.760263909492
25-Aug-2021 17:00:00,34.518017176961,6.03110685261124,280.119387491261
25-Aug-2021 18:00:00,34.518017176961,5.62810738158787,282.103516981698
25-Aug-2021 19:00:00,34.518017176961,5.20232340989716,286.531456311638
25-Aug-2021 20:00:00,34.518017176961,4.99852919346212,297.499244473927
25-Aug-2021 21:00:00,34.518017176961,4.81680328293349,307.482401673804
25-Aug-2021 22:00:00,34.518017176961,4.30560980734537,307.802657963794
25-Aug-2021 23:00:00,34.518017176961,3.67160478280981,298.98871286226
26-Aug-2021 00:00:00,34.518017176961,3.51375542255876,293.171073661301
26-Aug-2021 01:00:00,34.518017176961,3.46286021674243,304.27003621051
26-Aug-2021 02:00:00,34.518017176961,3.09737028680899,307.916633116974
26-Aug-2021 03:00:00,34.518017176961,2.99399398067691,305.189792649005
26-Aug-2021 04:00:00,34.518017176961,2.88579330010246,315.872798669709
26-Aug-2021 05:00:00,34.518017176961,2.70842742261223,335.10961949271
26-Aug-2021 06:00:00,34.518017176961,2.43145003296526,328.872032621975
26-Aug-2021 07:00:00,34.518017176961,2.77320774657365,323.569867433237
26-Aug-2021 08:00:00,34.518017176961,3.84325451371748,333.263898302494
26-Aug-2021 09:00:00,34.518017176961,4.58875083850449,339.536193762636
26-Aug-2021 10:00:00,34.518017176961,4.62097365895848,326.126063151852
26-Aug-2021 11:00:00,34.518017176961,4.98393061881654,337.750721731424
26-Aug-2021 12:00:00,34.518017176961,5.62596989735668,341.358305884053
26-Aug-2021 13:00:00,34.518017176961,5.31129207449024,342.448017929162
26-Aug-2021 14:00:00,34.518017176961,4.67287871027432,338.491799915893
26-Aug-2021 15:00:00,34.518017176961,4.58713769820924,334.668062362488
26-Aug-2021 16:00:00,34.518017176961,4.53466079683482,332.503783812945
26-Aug-2021 17:00:00,34.518017176961,4.90811201934147,337.118871936123
26-Aug-2021 18:00:00,34.518017176961,3.83473261766526,329.889282165286
26-Aug-2021 19:00:00,34.518017176961,4.26347169046525,332.206933685982
26-Aug-2021 20:00:00,34.518017176961,4.52683956433077,338.072159928262
26-Aug-2021 21:00:00,34.518017176961,4.29909356843203,339.739091092493
26-Aug-2021 22:00:00,34.518017176961,4.52436196775361,327.723671154668
26-Aug-2021 23:00:00,34.518017176961,4.30560000637402,329.911899292828
27-Aug-2021 00:00:00,34.518017176961,3.92794650001574,322.891988976706
27-Aug-2021 01:00:00,34.518017176961,4.25418361579478,317.371291558071
27-Aug-2021 02:00:00,34.518017176961,4.54436280743491,314.366976456307
27-Aug-2021 03:00:00,34.518017176961,4.34479069548597,311.549060671453
27-Aug-2021 04:00:00,34.518017176961,4.74850536997638,310.68563212975
27-Aug-2021 05:00:00,34.518017176961,4.99141481586025,319.110951356312
27-Aug-2021 06:00:00,34.518017176961,4.85088635576942,328.501136868297
27-Aug-2021 07:00:00,34.518017176961,4.76906938913466,338.738591891581
27-Aug-2021 08:00:00,34.518017176961,4.39883753641784,343.834906015128
27-Aug-2021 09:00:00,34.518017176961,4.08526493165375,346.733925754719
27-Aug-2021 10:00:00,34.518017176961,4.18420351522964,1.15131878872336
27-Aug-2021 11:00:00,34.518017176961,4.07587788334609,0.50638429549827
27-Aug-2021 12:00:00,34.518017176961,3.79431099142068,9.38145620924476
27-Aug-2021 13:00:00,34.518017176961,3.91734931059078,14.0139241649186
27-Aug-2021 14:00:00,34.518017176961,4.17267513629573,18.142238072694
27-Aug-2021 15:00:00,34.518017176961,4.3520552651309,21.6073489378808
27-Aug-2021 16:00:00,34.518017176961,4.35873347848892,26.818058723923
27-Aug-2021 17:00:00,34.518017176961,3.46039659246333,23.396625046068
27-Aug-2021 18:00:00,34.518017176961,3.04891835072619,11.4438133871889
27-Aug-2021 19:00:00,34.518017176961,2.5810234458449,3.49699574451455
27-Aug-2021 20:00:00,34.518017176961,2.03833922853073,358.981364315758
27-Aug-2021 21:00:00,34.518017176961,2.55396545207543,347.282849531826
27-Aug-2021 22:00:00,34.518017176961,1.86264957215917,322.664489757796
27-Aug-2021 23:00:00,34.518017176961,1.98951099046525,311.842219046455
28-Aug-2021 00:00:00,34.518017176961,2.61213414335492,335.2559484866
28-Aug-2021 01:00:00,34.518017176961,2.83178207784185,356.213837358042
28-Aug-2021 02:00:00,34.518017176961,2.29495097474982,2.52102552694189
28-Aug-2021 03:00:00,34.518017176961,2.42287889435305,5.03920099686371
28-Aug-2021 04:00:00,34.518017176961,2.44448829916809,352.35330619567
28-Aug-2021 05:00:00,34.518017176961,2.79881710068655,353.900341923474
28-Aug-2021 06:00:00,34.518017176961,3.09247357086015,354.221946685342
28-Aug-2021 07:00:00,34.518017176961,3.04143388361667,354.63150602762
28-Aug-2021 08:00:00,34.518017176961,3.62942355256452,358.680864641802
28-Aug-2021 09:00:00,34.518017176961,4.00451089131534,3.78245370536504
28-Aug-2021 10:00:00,34.518017176961,3.24373005913222,0.850120808147628
28-Aug-2021 11:00:00,34.518017176961,3.24472729283335,1.14136728369955
28-Aug-2021 12:00:00,34.518017176961,3.76716346674597,0.519988223224032
28-Aug-2021 13:00:00,34.518017176961,4.89782223790779,6.51993379592773
28-Aug-2021 14:00:00,34.518017176961,4.49709908879517,11.5232421863462
28-Aug-2021 15:00:00,34.518017176961,3.77329495403932,5.31667424144834
28-Aug-2021 16:00:00,34.518017176961,3.53383147409954,3.41092832895028
28-Aug-2021 17:00:00,34.518017176961,3.74923743222319,352.389086091736
28-Aug-2021 18:00:00,34.518017176961,3.80086035434684,347.834006031323
28-Aug-2021 19:00:00,34.518017176961,3.61887474484474,345.532910679542
28-Aug-2021 20:00:00,34.518017176961,3.40081705746174,343.606270784591
28-Aug-2021 21:00:00,34.518017176961,3.22585902637503,338.468174687924
28-Aug-2021 22:00:00,34.518017176961,3.78249685968982,328.586749237423
28-Aug-2021 23:00:00,34.518017176961,3.79307388321188,330.629646625174
29-Aug-2021 00:00:00,34.518017176961,3.62222253050754,337.174948640529
29-Aug-2021 01:00:00,34.518017176961,3.68842820399028,334.999676752052
29-Aug-2021 02:00:00,34.518017176961,3.41922633427101,333.277145532428
29-Aug-2021 03:00:00,34.518017176961,3.26690920723807,332.68694504513
29-Aug-2021 04:00:00,34.518017176961,3.20446764477151,331.177276200067
29-Aug-2021 05:00:00,34.518017176961,3.33213681273046,330.489669157547
29-Aug-2021 06:00:00,34.518017176961,3.3478627275685,336.969396853151
29-Aug-2021 07:00:00,34.518017176961,3.67769630722519,349.769488651711
29-Aug-2021 08:00:00,34.518017176961,2.69336161680026,342.428478365306
29-Aug-2021 09:00:00,34.518017176961,2.98656707610636,0.289973777405539
29-Aug-2021 10:00:00,34.518017176961,3.17308390450575,20.3067072256142
29-Aug-2021 11:00:00,34.518017176961,3.15730773898841,16.0802695874077
29-Aug-2021 12:00:00,34.518017176961,4.56425103860993,26.7418026968342
29-Aug-2021 13:00:00,34.518017176961,4.83399032827323,34.0612182620751
29-Aug-2021 14:00:00,34.518017176961,5.02877409290811,32.5142335666888
29-Aug-2021 15:00:00,34.518017176961,5.62956360145506,29.5624887906462
29-Aug-2021 16:00:00,34.518017176961,5.06576240925605,26.1984982798524
29-Aug-2021 17:00:00,34.518017176961,4.36238243057668,15.1348859479753
29-Aug-2021 18:00:00,34.518017176961,4.11044334026339,5.72673358933241
29-Aug-2021 19:00:00,34.518017176961,4.00211413287288,5.54980382847589
29-Aug-2021 20:00:00,34.518017176961,3.8338798105261,7.77604143502394
29-Aug-2021 21:00:00,34.518017176961,3.85600637113218,9.71075181222615
29-Aug-2021 22:00:00,34.518017176961,4.26233647499393,15.5347686728451
29-Aug-2021 23:00:00,34.518017176961,4.3333521195012,18.6308267189388
30-Aug-2021 00:00:00,34.518017176961,4.30069132546,14.4369865161862
30-Aug-2021 01:00:00,34.518017176961,3.8910585273033,16.1866242098917
30-Aug-2021 02:00:00,34.518017176961,4.02465673730904,19.94124884075
30-Aug-2021 03:00:00,34.518017176961,3.7312434038461,12.7336560360889
30-Aug-2021 04:00:00,34.518017176961,3.61107028542341,10.2759146913502
30-Aug-2021 05:00:00,34.518017176961,3.9222558976652,17.2568534553137
30-Aug-2021 06:00:00,34.518017176961,4.22604787955361,25.8481367889893
30-Aug-2021 07:00:00,34.518017176961,3.72035327954066,21.7665742439168
30-Aug-2021 08:00:00,34.518017176961,3.90173088682537,17.8930528961334
30-Aug-2021 09:00:00,34.518017176961,4.16206574325957,18.3549445593722
30-Aug-2021 10:00:00,34.518017176961,4.54477810260857,26.4722860749539
30-Aug-2021 11:00:00,34.518017176961,4.98391270802249,34.4646881009927
30-Aug-2021 12:00:00,34.518017176961,4.72144298409683,34.6914209325057
30-Aug-2021 13:00:00,34.518017176961,4.92453403669478,31.3463762536376
30-Aug-2021 14:00:00,34.518017176961,4.98973730569492,28.3954792770174
30-Aug-2021 15:00:00,34.518017176961,4.9934711757875,26.1375863919369
30-Aug-2021 16:00:00,34.518017176961,4.67584075256445,22.8208060695369
30-Aug-2021 17:00:00,34.518017176961,3.9801703042554,17.7782171445703
30-Aug-2021 18:00:00,34.518017176961,3.18219308014302,9.02036386975572
30-Aug-2021 19:00:00,34.518017176961,2.80217533984351,6.89558518842124
30-Aug-2021 20:00:00,34.518017176961,2.67391903833081,0.944830360291711
30-Aug-2021 21:00:00,34.518017176961,2.58233630999428,354.949368495942
30-Aug-2021 22:00:00,34.518017176961,2.44524233694874,356.863174168524
30-Aug-2021 23:00:00,34.518017176961,2.08173596517423,347.402727803729
31-Aug-2021 00:00:00,34.518017176961,2.30633623336839,335.356683551274
31-Aug-2021 01:00:00,34.518017176961,2.5866915891244,332.760721884318
31-Aug-2021 02:00:00,34.518017176961,2.53965447592737,331.037418580955
31-Aug-2021 03:00:00,34.518017176961,2.62725226084688,329.801582804993
31-Aug-2021 04:00:00,34.518017176961,2.89254801362586,330.445140440237
31-Aug-2021 05:00:00,34.518017176961,2.9481923210207,331.292460810521
31-Aug-2021 06:00:00,34.518017176961,2.85758865037729,334.525748118237
31-Aug-2021 07:00:00,34.518017176961,2.80317762966377,349.430639154376
31-Aug-2021 08:00:00,34.518017176961,2.89062923577692,354.993116024821
31-Aug-2021 09:00:00,34.518017176961,3.11335223131184,353.636317409983
31-Aug-2021 10:00:00,34.518017176961,3.66693517604636,347.006332227545
31-Aug-2021 11:00:00,34.518017176961,4.00400059655411,4.39334716837884
31-Aug-2021 12:00:00,34.518017176961,3.74875217602176,3.21516370334156
31-Aug-2021 13:00:00,34.518017176961,3.65161118456044,351.719350487963
31-Aug-2021 14:00:00,34.518017176961,3.43396022105403,348.66662953208
31-Aug-2021 15:00:00,34.518017176961,3.28709905773442,345.968471621999
31-Aug-2021 16:00:00,34.518017176961,2.49274765540319,337.353103582433
31-Aug-2021 17:00:00,34.518017176961,2.28768140046768,323.819953466992
31-Aug-2021 18:00:00,34.518017176961,2.29059904486046,314.084149215388
31-Aug-2021 19:00:00,34.518017176961,2.63950133403283,306.484060437109
31-Aug-2021 20:00:00,34.518017176961,2.91996007770469,304.114439638464
31-Aug-2021 21:00:00,34.518017176961,2.90632344421715,302.551317605934
31-Aug-2021 22:00:00,34.518017176961,3.22310292325319,307.984749145934
31-Aug-2021 23:00:00,34.518017176961,3.10681881674767,304.35214315312
01-Sep-2021 00:00:00,34.518017176961,3.31533550121362,296.076852892679
01-Sep-2021 01:00:00,34.518017176961,3.54943388055328,295.299931267964
01-Sep-2021 02:00:00,34.518017176961,3.41044400577309,297.681119732915
01-Sep-2021 03:00:00,34.518017176961,3.68837240721753,297.727050100865
01-Sep-2021 04:00:00,34.518017176961,3.54271200133947,304.025395892015
01-Sep-2021 05:00:00,34.518017176961,3.04792211174314,301.103357356625
01-Sep-2021 06:00:00,34.518017176961,2.97553679707622,301.160962500979
01-Sep-2021 07:00:00,34.518017176961,3.16391974586864,304.007116507817
01-Sep-2021 08:00:00,34.518017176961,2.90166429141835,302.914416904979
01-Sep-2021 09:00:00,34.518017176961,2.90532476696269,301.151710864027
01-Sep-2021 10:00:00,34.518017176961,3.25780464233056,307.698706013807
01-Sep-2021 11:00:00,34.518017176961,3.45331182684636,318.432834610164
01-Sep-2021 12:00:00,34.518017176961,3.73293497573476,324.266489060839
01-Sep-2021 13:00:00,34.518017176961,3.71176709145743,324.268692478192
01-Sep-2021 14:00:00,34.518017176961,3.47869367733484,318.503860500933
01-Sep-2021 15:00:00,34.518017176961,3.50226586333172,315.092322646285
01-Sep-2021 16:00:00,34.518017176961,3.28902425597458,311.565123290792
01-Sep-2021 17:00:00,34.518017176961,3.12718863305778,301.665307437024
01-Sep-2021 18:00:00,34.518017176961,3.2020435120343,297.673010827843
01-Sep-2021 19:00:00,34.518017176961,3.26060100388234,301.716499595029
01-Sep-2021 20:00:00,34.518017176961,2.99180297390735,301.568764736914
01-Sep-2021 21:00:00,34.518017176961,2.54764975312548,296.702384676329
01-Sep-2021 22:00:00,34.518017176961,2.37985466366841,299.837236227399
01-Sep-2021 23:00:00,34.518017176961,2.29385696652941,296.836574138746
02-Sep-2021 00:00:00,34.518017176961,2.25513405657645,295.297888055394
02-Sep-2021 01:00:00,34.518017176961,2.34141442789365,287.677245829418
02-Sep-2021 02:00:00,34.518017176961,2.38581164691389,284.592837170881
02-Sep-2021 03:00:00,34.518017176961,2.34863445432588,278.515420801085
02-Sep-2021 04:00:00,34.518017176961,1.92413183429894,273.739188216111
02-Sep-2021 05:00:00,34.518017176961,1.58272476371463,253.65348056375
02-Sep-2021 06:00:00,34.518017176961,1.7916807143224,253.301967583398
02-Sep-2021 07:00:00,34.518017176961,2.19263620333451,281.388421682029
02-Sep-2021 08:00:00,34.518017176961,2.05652449116584,287.5957040667
02-Sep-2021 09:00:00,34.518017176961,1.81558775921956,278.993294862153
02-Sep-2021 10:00:00,34.518017176961,1.84069898036856,287.844447973048
02-Sep-2021 11:00:00,34.518017176961,2.06064358089427,287.513217355166
02-Sep-2021 12:00:00,34.518017176961,2.32372866846634,297.736317378681
02-Sep-2021 13:00:00,34.518017176961,2.33719949344786,301.307086492161
02-Sep-2021 14:00:00,34.518017176961,2.25266618757047,303.934286651749
02-Sep-2021 15:00:00,34.518017176961,2.21529638859681,303.785163925997
02-Sep-2021 16:00:00,34.518017176961,2.19235592473127,311.662254582828
02-Sep-2021 17:00:00,34.518017176961,2.13428541898576,322.654332307416
02-Sep-2021 18:00:00,34.518017176961,1.8958520243544,330.741587588799
02-Sep-2021 19:00:00,34.518017176961,1.57572902076059,332.584592277922
02-Sep-2021 20:00:00,34.518017176961,1.86175712857204,325.722558174089
02-Sep-2021 21:00:00,34.518017176961,2.07644690333727,312.359843021266
02-Sep-2021 22:00:00,34.518017176961,1.83579563825717,283.692069843896
02-Sep-2021 23:00:00,34.518017176961,1.73001515902161,262.30302435558
03-Sep-2021 00:00:00,34.518017176961,1.49410253192673,246.853213348616
03-Sep-2021 01:00:00,34.518017176961,1.96654234262395,240.366092516604
03-Sep-2021 02:00:00,34.518017176961,2.3756348857513,244.051216724886
03-Sep-2021 03:00:00,34.518017176961,2.69975579567504,252.929510263921
03-Sep-2021 04:00:00,34.518017176961,2.82735404047,255.30007193289
03-Sep-2021 05:00:00,34.518017176961,3.05318592424144,254.678519562928
03-Sep-2021 06:00:00,34.518017176961,3.24358602459402,257.318344526129
03-Sep-2021 07:00:00,34.518017176961,3.50405256331911,276.622956894955
03-Sep-2021 08:00:00,34.518017176961,4.09451443854135,290.320059294907
03-Sep-2021 09:00:00,34.518017176961,4.19284428086723,291.557898732219
03-Sep-2021 10:00:00,34.518017176961,4.12672761961231,291.783656315167
03-Sep-2021 11:00:00,34.518017176961,3.78830531910011,287.564293170623
03-Sep-2021 12:00:00,34.518017176961,3.86870819099035,286.829754946643
03-Sep-2021 13:00:00,34.518017176961,4.08712108044449,291.079848244318
03-Sep-2021 14:00:00,34.518017176961,4.15348165754969,293.081600198484
03-Sep-2021 15:00:00,34.518017176961,4.09125450647857,293.811697102325
03-Sep-2021 16:00:00,34.518017176961,4.02649659207144,296.724711866962
03-Sep-2021 17:00:00,34.518017176961,3.71876737546145,297.894409639357
03-Sep-2021 18:00:00,34.518017176961,3.20893093112779,299.364756958296
03-Sep-2021 19:00:00,34.518017176961,3.07857319053207,299.817949569247
03-Sep-2021 20:00:00,34.518017176961,2.96014190447271,300.001596192719
03-Sep-2021 21:00:00,34.518017176961,2.89350277732925,305.971311973112
03-Sep-2021 22:00:00,34.518017176961,2.1769917849593,303.687618086651
03-Sep-2021 23:00:00,34.518017176961,1.96121960842165,306.733183724861
04-Sep-2021 00:00:00,34.518017176961,1.73136810131621,299.390213676
04-Sep-2021 01:00:00,34.518017176961,1.77914737303363,288.268812287697
04-Sep-2021 02:00:00,34.518017176961,1.73200931401927,284.703247925461
04-Sep-2021 03:00:00,34.518017176961,1.59696272306942,286.061224621209
04-Sep-2021 04:00:00,34.518017176961,1.74195549668942,276.788687169851
04-Sep-2021 05:00:00,34.518017176961,1.80971426916581,277.928010035818
04-Sep-2021 06:00:00,34.518017176961,2.05515815245871,286.859091899989
04-Sep-2021 07:00:00,34.518017176961,1.86161449605689,298.800694741954
04-Sep-2021 08:00:00,34.518017176961,2.76703328300973,329.709095768285
04-Sep-2021 09:00:00,34.518017176961,2.20959673062697,342.373472801723
04-Sep-2021 10:00:00,34.518017176961,1.3583339220153,342.687769066454
04-Sep-2021 11:00:00,34.518017176961,1.2222474684155,11.506238115332
04-Sep-2021 12:00:00,34.518017176961,1.56749929956053,55.6756711304784
04-Sep-2021 13:00:00,34.518017176961,1.62998225688151,71.7585406102379
04-Sep-2021 14:00:00,34.518017176961,1.94396934083502,75.8835395315053
04-Sep-2021 15:00:00,34.518017176961,2.20371308090793,77.9970451232758
04-Sep-2021 16:00:00,34.518017176961,1.89495986325455,77.1561391515369
04-Sep-2021 17:00:00,34.518017176961,1.17265700636993,56.0662765097497
04-Sep-2021 18:00:00,34.518017176961,1.68916860426846,46.937741847271
04-Sep-2021 19:00:00,34.518017176961,2.11695368708222,47.4565226254106
04-Sep-2021 20:00:00,34.518017176961,2.48524693742553,48.3557921945769
04-Sep-2021 21:00:00,34.518017176961,2.73109031012716,54.1085554130176
04-Sep-2021 22:00:00,34.518017176961,3.16168292858496,60.0596603142078
04-Sep-2021 23:00:00,34.518017176961,3.30834259942719,68.2039600358006
05-Sep-2021 00:00:00,34.518017176961,3.35546425226653,64.7312904067259
05-Sep-2021 01:00:00,34.518017176961,3.29582905269869,57.4284577577757
05-Sep-2021 02:00:00,34.518017176961,3.72789652009494,63.7426144890488
05-Sep-2021 03:00:00,34.518017176961,3.6134288558746,62.4310182369861
05-Sep-2021 04:00:00,34.518017176961,3.54781688455805,64.2172735313978
05-Sep-2021 05:00:00,34.518017176961,3.13650335772869,67.9764263454261
05-Sep-2021 06:00:00,34.518017176961,2.96034519785127,71.0478225994513
05-Sep-2021 07:00:00,34.518017176961,2.70098737200885,75.3569689775452
05-Sep-2021 08:00:00,34.518017176961,2.27193050346041,77.9872578331292
05-Sep-2021 09:00:00,34.518017176961,2.28742031033737,76.3127683772379
05-Sep-2021 10:00:00,34.518017176961,1.73468004704344,65.493787261583
05-Sep-2021 11:00:00,34.518017176961,1.60846333428398,77.1084479071887
05-Sep-2021 12:00:00,34.518017176961,1.52493729173557,89.2710091459151
05-Sep-2021 13:00:00,34.518017176961,1.62388300557101,95.9964801778878
05-Sep-2021 14:00:00,34.518017176961,1.98037455594577,106.084788446005
05-Sep-2021 15:00:00,34.518017176961,2.28831561132657,112.313718853048
05-Sep-2021 16:00:00,34.518017176961,2.25680267785582,118.208049592121
05-Sep-2021 17:00:00,34.518017176961,1.41898551571049,115.055301454629
05-Sep-2021 18:00:00,34.518017176961,1.54091173918318,113.555801530883
05-Sep-2021 19:00:00,34.518017176961,1.73951006665247,114.404609079065
05-Sep-2021 20:00:00,34.518017176961,1.7793792338168,113.089877808
05-Sep-2021 21:00:00,34.518017176961,1.85714169627742,116.476594547794
05-Sep-2021 22:00:00,34.518017176961,1.13673329813157,130.151387367621
05-Sep-2021 23:00:00,34.518017176961,0.683775780080419,70.8525190796
06-Sep-2021 00:00:00,34.518017176961,0.871487478921052,54.3697087601527
06-Sep-2021 01:00:00,34.518017176961,0.531052073878357,53.935708675034
06-Sep-2021 02:00:00,34.518017176961,0.349123995390558,131.027932694432
06-Sep-2021 03:00:00,34.518017176961,0.878554515183135,290.095579015819
06-Sep-2021 04:00:00,34.518017176961,1.11432308483725,260.946684004663
06-Sep-2021 05:00:00,34.518017176961,0.722440780965558,257.527479306073
06-Sep-2021 06:00:00,34.518017176961,1.21099416773373,277.108767509071
06-Sep-2021 07:00:00,34.518017176961,0.93924565378736,271.782646107801
06-Sep-2021 08:00:00,34.518017176961,0.958295563669047,256.183243161104
06-Sep-2021 09:00:00,34.518017176961,1.11705300874041,272.441423490138
06-Sep-2021 10:00:00,34.518017176961,2.04714492017599,281.747786817586
06-Sep-2021 11:00:00,34.518017176961,1.20165168111363,290.827625544344
06-Sep-2021 12:00:00,34.518017176961,2.65146116400661,296.248957472668
06-Sep-2021 13:00:00,34.518017176961,2.49184780115693,291.956090234931
06-Sep-2021 14:00:00,34.518017176961,2.42849446888411,292.325540133807
06-Sep-2021 15:00:00,34.518017176961,2.57760158757443,293.764606310654
06-Sep-2021 16:00:00,34.518017176961,2.10354722723705,295.723778685281
06-Sep-2021 17:00:00,34.518017176961,2.18632800257576,305.396783878781
06-Sep-2021 18:00:00,34.518017176961,2.35542111134499,313.161365262806
06-Sep-2021 19:00:00,34.518017176961,1.99798871324144,311.918292025102
06-Sep-2021 20:00:00,34.518017176961,1.66085914781811,309.232353148678
06-Sep-2021 21:00:00,34.518017176961,1.55039386455101,294.357087719966
06-Sep-2021 22:00:00,34.518017176961,1.54220479891678,299.257504234463
06-Sep-2021 23:00:00,34.518017176961,1.78922283170344,308.57583141161
07-Sep-2021 00:00:00,34.518017176961,1.80373916780982,313.90733438578
07-Sep-2021 01:00:00,34.518017176961,2.06371432447133,291.591823633158
07-Sep-2021 02:00:00,34.518017176961,1.80866872070745,289.187949725129
07-Sep-2021 03:00:00,34.518017176961,1.77089452007287,307.329671137138
07-Sep-2021 04:00:00,34.518017176961,1.25081704764225,306.350057505421
07-Sep-2021 05:00:00,34.518017176961,1.14531222951776,320.784669315664
07-Sep-2021 06:00:00,34.518017176961,1.12770484915461,347.756024741299
07-Sep-2021 07:00:00,34.518017176961,0.555024860257521,17.3216912892266
07-Sep-2021 08:00:00,34.518017176961,0.137446099854773,343.542687774756
07-Sep-2021 09:00:00,34.518017176961,0.137668549689201,264.624411123602
07-Sep-2021 10:00:00,34.518017176961,0.451177933510319,345.798519471717
07-Sep-2021 11:00:00,34.518017176961,0.403833056495236,26.2002919700142
07-Sep-2021 12:00:00,34.518017176961,0.347798385589715,356.479695353556
07-Sep-2021 13:00:00,34.518017176961,0.618136725611038,305.417077929445
07-Sep-2021 14:00:00,34.518017176961,1.0296838806857,324.560361605524
07-Sep-2021 15:00:00,34.518017176961,0.989321433248366,334.600521619229
07-Sep-2021 16:00:00,34.518017176961,0.71961127292165,342.161634768472
07-Sep-2021 17:00:00,34.518017176961,0.698124077799369,339.221324245531
07-Sep-2021 18:00:00,34.518017176961,0.673647018653885,14.1005385059215
07-Sep-2021 19:00:00,34.518017176961,1.22805807510277,82.0517600336438
07-Sep-2021 20:00:00,34.518017176961,1.70764440511867,95.7867738492237
07-Sep-2021 21:00:00,34.518017176961,2.01209299264441,114.546592611151
07-Sep-2021 22:00:00,34.518017176961,1.80604702783462,129.433306538575
07-Sep-2021 23:00:00,34.518017176961,2.02903788571237,140.688890590595
08-Sep-2021 00:00:00,34.518017176961,2.15599226436168,147.96370478095
08-Sep-2021 01:00:00,34.518017176961,2.31362452989442,156.019378379235
08-Sep-2021 02:00:00,34.518017176961,2.35821708642501,158.832155832221
08-Sep-2021 03:00:00,34.518017176961,2.17845428231157,158.841030711874
08-Sep-2021 04:00:00,34.518017176961,1.97364699494649,157.558159776627
08-Sep-2021 05:00:00,34.518017176961,1.97212003995036,153.813921459448
08-Sep-2021 06:00:00,34.518017176961,2.5909451312193,148.130467476898
08-Sep-2021 07:00:00,34.518017176961,2.33121447052371,148.257151136423
08-Sep-2021 08:00:00,34.518017176961,2.32252133325614,150.98128793919
08-Sep-2021 09:00:00,34.518017176961,2.26747945987218,152.364060519361
08-Sep-2021 10:00:00,34.518017176961,2.13689211382643,138.073421611472
08-Sep-2021 11:00:00,34.518017176961,2.31277236103614,133.2322885558
08-Sep-2021 12:00:00,34.518017176961,2.14514728536054,129.092511249059
08-Sep-2021 13:00:00,34.518017176961,1.91141873430736,122.336538494904
08-Sep-2021 14:00:00,34.518017176961,2.02185129511685,112.308823308639
08-Sep-2021 15:00:00,34.518017176961,2.26356242246894,103.664852815653
08-Sep-2021 16:00:00,34.518017176961,2.08815152763094,98.6319920095796
08-Sep-2021 17:00:00,34.518017176961,1.88711041629653,94.7136945852629
08-Sep-2021 18:00:00,34.518017176961,2.32607272519145,95.0901190848224
08-Sep-2021 19:00:00,34.518017176961,2.52918080187827,101.056387541479
08-Sep-2021 20:00:00,34.518017176961,2.50670620067584,107.221683788587
08-Sep-2021 21:00:00,34.518017176961,2.47963902349761,110.14398715553
08-Sep-2021 22:00:00,34.518017176961,2.60824652583919,113.570636701206
08-Sep-2021 23:00:00,34.518017176961,2.51922219227444,114.006833887471
09-Sep-2021 00:00:00,34.518017176961,2.34114869056659,116.299688001483
09-Sep-2021 01:00:00,34.518017176961,2.25645688683906,112.541611767512
09-Sep-2021 02:00:00,34.518017176961,2.61022566163925,108.157089502466
09-Sep-2021 03:00:00,34.518017176961,2.54386642975081,109.553677337901
09-Sep-2021 04:00:00,34.518017176961,2.43419818466717,107.837572133888
09-Sep-2021 05:00:00,34.518017176961,2.80972620252487,104.154031634002
09-Sep-2021 06:00:00,34.518017176961,3.04051245346477,109.890098780541
09-Sep-2021 07:00:00,34.518017176961,2.80102633902592,119.365725038733
09-Sep-2021 08:00:00,34.518017176961,2.87614630242818,121.796129027523
09-Sep-2021 09:00:00,34.518017176961,2.82330211034133,122.20479051519
09-Sep-2021 10:00:00,34.518017176961,3.01812369121022,116.984197469171
09-Sep-2021 11:00:00,34.518017176961,3.16616513950197,128.057544830653
09-Sep-2021 12:00:00,34.518017176961,3.06154534059889,143.787749771872
09-Sep-2021 13:00:00,34.518017176961,2.52591615509055,143.277380266971
09-Sep-2021 14:00:00,34.518017176961,2.26644578605564,149.653337129729
09-Sep-2021 15:00:00,34.518017176961,1.88207364186771,139.696447642646
09-Sep-2021 16:00:00,34.518017176961,1.11596515967923,98.9904994270457
09-Sep-2021 17:00:00,34.518017176961,1.67568430037673,75.6642016735795
09-Sep-2021 18:00:00,34.518017176961,2.12358305646572,81.04167355313
09-Sep-2021 19:00:00,34.518017176961,2.19864169598664,89.9235016571064
09-Sep-2021 20:00:00,34.518017176961,2.23479675458481,101.547216237408
09-Sep-2021 21:00:00,34.518017176961,1.98278971719401,117.587033092798
09-Sep-2021 22:00:00,34.518017176961,2.16940011259729,119.395957460485
09-Sep-2021 23:00:00,34.518017176961,2.08996431681445,159.268689811292
