Datetime,altitudes,wspd,wdir
01-Aug-2021 00:00:00,77.1891403198242,5.78902292251587,265.641754150391
01-Aug-2021 01:00:00,77.1896228790283,4.9844069480896,254.12190246582
01-Aug-2021 02:00:00,77.1889114379883,5.25714826583862,251.646575927734
01-Aug-2021 03:00:00,77.1889114379883,5.57781887054443,257.947357177734
01-Aug-2021 04:00:00,77.1889114379883,6.08042216300964,286.166442871094
01-Aug-2021 05:00:00,77.1900768280029,5.13660883903503,264.244491577148
01-Aug-2021 06:00:00,77.1896228790283,3.33092355728149,258.927940368652
01-Aug-2021 07:00:00,77.1898517608643,4.65133547782898,258.541473388672
01-Aug-2021 08:00:00,77.1896228790283,4.73957645893097,250.896492004395
01-Aug-2021 09:00:00,77.1896228790283,4.7835156917572,261.599044799805
01-Aug-2021 10:00:00,77.1896228790283,5.41848421096802,252.294746398926
01-Aug-2021 11:00:00,77.1896228790283,5.16809177398682,242.960472106934
01-Aug-2021 12:00:00,77.1893653869629,5.71147203445435,326.052093505859
01-Aug-2021 13:00:00,77.1896228790283,2.42059767246246,315.131332397461
01-Aug-2021 14:00:00,77.1898517608643,3.84594297409058,291.751358032227
01-Aug-2021 15:00:00,77.1900768280029,5.55414915084839,296.393829345703
01-Aug-2021 16:00:00,77.1898517608643,4.76813220977783,293.984725952148
01-Aug-2021 17:00:00,77.1896228790283,6.63758015632629,310.911605834961
01-Aug-2021 18:00:00,77.1903343200684,6.16629099845886,321.745101928711
01-Aug-2021 19:00:00,77.1893653869629,6.03296160697937,304.644882202148
01-Aug-2021 20:00:00,77.1900768280029,5.60237812995911,296.813034057617
01-Aug-2021 21:00:00,77.1898517608643,4.55845499038696,299.808975219727
01-Aug-2021 22:00:00,77.1889114379883,4.07203233242035,281.761459350586
01-Aug-2021 23:00:00,77.1896228790283,4.48034000396729,271.29931640625
02-Aug-2021 00:00:00,77.1896228790283,4.01295208930969,274.372436523438
02-Aug-2021 01:00:00,77.1889114379883,5.1258270740509,276.852264404297
02-Aug-2021 02:00:00,77.1898517608643,4.57471632957458,270.75341796875
02-Aug-2021 03:00:00,77.1898517608643,4.51658880710602,271.358108520508
02-Aug-2021 04:00:00,77.1891403198242,4.55854463577271,276.230056762695
02-Aug-2021 05:00:00,77.1891403198242,5.03535580635071,264.767623901367
02-Aug-2021 06:00:00,77.1896228790283,5.14635252952576,267.516494750977
02-Aug-2021 07:00:00,77.1898517608643,6.0460832118988,264.109161376953
02-Aug-2021 08:00:00,77.1896228790283,6.57510018348694,293.780212402344
02-Aug-2021 09:00:00,77.1898517608643,6.17107725143433,270.233276367188
02-Aug-2021 10:00:00,77.1891403198242,6.26497173309326,283.376922607422
02-Aug-2021 11:00:00,77.1898517608643,9.35529565811157,291.522399902344
02-Aug-2021 12:00:00,77.1889114379883,5.91253519058228,266.29345703125
02-Aug-2021 13:00:00,77.1898517608643,4.43180584907532,255.371810913086
02-Aug-2021 14:00:00,77.1896228790283,4.50152444839478,264.409019470215
02-Aug-2021 15:00:00,77.1898517608643,5.9492199420929,282.990051269531
02-Aug-2021 16:00:00,77.1896228790283,6.42933487892151,274.69807434082
02-Aug-2021 17:00:00,77.1896228790283,4.66396474838257,290.216369628906
02-Aug-2021 18:00:00,77.1900768280029,5.85719895362854,301.0947265625
02-Aug-2021 19:00:00,77.1898517608643,4.81671035289764,304.968734741211
02-Aug-2021 20:00:00,77.1893653869629,4.33347988128662,303.91813659668
02-Aug-2021 21:00:00,77.1898517608643,3.58181285858154,275.029144287109
02-Aug-2021 22:00:00,77.191276550293,3.91736745834351,283.898239135742
02-Aug-2021 23:00:00,77.1900768280029,3.51828122138977,287.750671386719
03-Aug-2021 00:00:00,77.1893978118896,2.79450833797455,277.335220336914
03-Aug-2021 01:00:00,77.1896228790283,3.53615880012512,280.536392211914
03-Aug-2021 02:00:00,77.1896228790283,2.63847541809082,264.197219848633
03-Aug-2021 03:00:00,77.1898517608643,2.74130427837372,278.620162963867
03-Aug-2021 04:00:00,77.1896228790283,3.8040052652359,293.387634277344
03-Aug-2021 05:00:00,77.1898517608643,4.73913097381592,307.776504516602
03-Aug-2021 06:00:00,77.1898517608643,NaN,NaN
03-Aug-2021 07:00:00,77.1896228790283,1.08113127946854,195.28849029541
03-Aug-2021 08:00:00,77.1889114379883,1.75784277915955,225.686378479004
03-Aug-2021 09:00:00,77.1898517608643,1.76292890310287,271.687889099121
03-Aug-2021 10:00:00,77.1905632019043,1.87656509876251,265.213562011719
03-Aug-2021 11:00:00,77.1900768280029,2.00783783197403,249.805419921875
03-Aug-2021 12:00:00,77.1889114379883,2.87663352489471,224.472595214844
03-Aug-2021 13:00:00,77.1900768280029,1.70848080515862,234.490310668945
03-Aug-2021 14:00:00,77.191276550293,3.58586239814758,8.17017793655396
03-Aug-2021 15:00:00,77.1900768280029,2.46288526058197,11.5655596256256
03-Aug-2021 16:00:00,77.1896228790283,2.49252140522003,355.700481653214
03-Aug-2021 17:00:00,77.1905632019043,2.54647934436798,354.703750610352
03-Aug-2021 18:00:00,77.1900768280029,3.68757343292236,19.5858907699585
03-Aug-2021 19:00:00,77.1900768280029,2.80870652198792,23.1801452636719
03-Aug-2021 20:00:00,77.191276550293,2.61908113956451,16.1778564453125
03-Aug-2021 21:00:00,77.1900768280029,3.66034555435181,32.5514335632324
03-Aug-2021 22:00:00,77.1900768280029,3.13086116313934,28.6379923820496
03-Aug-2021 23:00:00,77.1889114379883,2.83909428119659,22.4733066558838
04-Aug-2021 00:00:00,77.1891403198242,2.07044178247452,32.9980993270874
04-Aug-2021 01:00:00,98.296516418457,1.54517424106598,344.115449905396
04-Aug-2021 02:00:00,77.1896228790283,1.76372921466827,43.7254056930542
04-Aug-2021 03:00:00,77.1896228790283,3.00510251522064,17.2191843986511
04-Aug-2021 04:00:00,77.1898517608643,3.70162642002106,36.9860515594482
04-Aug-2021 05:00:00,77.1903343200684,4.32694327831268,30.2573957443237
04-Aug-2021 06:00:00,77.1893978118896,4.46290075778961,32.671422958374
04-Aug-2021 07:00:00,77.1905632019043,2.45882934331894,36.8306636810303
04-Aug-2021 08:00:00,77.1896228790283,2.62428641319275,25.1531248092651
04-Aug-2021 09:00:00,77.1889114379883,2.81031143665314,36.812162399292
04-Aug-2021 10:00:00,77.1896228790283,3.57311475276947,29.8775796890259
04-Aug-2021 11:00:00,77.1900768280029,3.09508419036865,34.006534576416
04-Aug-2021 12:00:00,77.1896228790283,4.14258718490601,18.6177949905396
04-Aug-2021 13:00:00,77.1886863708496,4.63411331176758,48.5485496520996
04-Aug-2021 14:00:00,77.1886863708496,5.57540774345398,174.786056518555
04-Aug-2021 15:00:00,77.1891403198242,3.4902161359787,115.815399169922
04-Aug-2021 16:00:00,77.1903343200684,3.24943780899048,51.7674293518066
04-Aug-2021 17:00:00,77.1889114379883,3.98730611801147,40.5018882751465
04-Aug-2021 18:00:00,77.1896228790283,4.47151279449463,33.9076480865479
04-Aug-2021 19:00:00,77.1893978118896,3.69219267368317,46.9396781921387
04-Aug-2021 20:00:00,77.1903343200684,1.63782459497452,81.7367134094238
04-Aug-2021 21:00:00,77.1889114379883,2.67578560113907,57.275728225708
04-Aug-2021 22:00:00,77.1898517608643,3.67729794979095,66.643741607666
04-Aug-2021 23:00:00,77.1903343200684,2.99853980541229,81.824935913086
05-Aug-2021 00:00:00,77.1886863708496,2.57031524181366,110.241596221924
05-Aug-2021 01:00:00,77.1896228790283,3.50316977500916,96.7077903747559
05-Aug-2021 02:00:00,77.1896228790283,3.96659195423126,100.747554779053
05-Aug-2021 03:00:00,77.1896228790283,4.19027638435364,105.334434509277
05-Aug-2021 04:00:00,77.1896228790283,4.16748905181885,115.715740203857
05-Aug-2021 05:00:00,77.1903343200684,3.72054648399353,112.967624664307
05-Aug-2021 06:00:00,77.1898517608643,3.75809645652771,120.341602325439
05-Aug-2021 07:00:00,77.1889114379883,2.57997310161591,129.698944091797
05-Aug-2021 08:00:00,77.1903343200684,2.38264143466949,135.137168884277
05-Aug-2021 09:00:00,77.1889114379883,2.6356315612793,130.345497131348
05-Aug-2021 10:00:00,77.1903343200684,5.49273157119751,130.706230163574
05-Aug-2021 11:00:00,77.1889114379883,5.42708849906921,135.090469360352
05-Aug-2021 12:00:00,77.1889114379883,4.36177372932434,138.81266784668
05-Aug-2021 13:00:00,77.1881980895996,4.59629964828491,150.663650512695
05-Aug-2021 14:00:00,77.1889114379883,3.0662477016449,273.710205078125
05-Aug-2021 15:00:00,77.1891403198242,2.24424362182617,355.248176574707
05-Aug-2021 16:00:00,77.1896228790283,2.99803972244263,26.743353843689
05-Aug-2021 17:00:00,77.1903343200684,2.79703676700592,344.528137207031
05-Aug-2021 18:00:00,77.1889114379883,5.73632264137268,179.455451965332
05-Aug-2021 19:00:00,77.1896228790283,6.79144906997681,116.924339294434
05-Aug-2021 20:00:00,77.1889114379883,NaN,NaN
05-Aug-2021 21:00:00,77.1905632019043,3.96069729328156,103.993095397949
05-Aug-2021 22:00:00,77.1886863708496,3.91387736797333,127.9026222229
05-Aug-2021 23:00:00,77.1889114379883,3.03831207752228,124.015762329102
06-Aug-2021 00:00:00,77.1896228790283,NaN,NaN
06-Aug-2021 01:00:00,77.1893978118896,NaN,NaN
06-Aug-2021 02:00:00,77.1889114379883,NaN,NaN
06-Aug-2021 03:00:00,77.1886863708496,NaN,NaN
06-Aug-2021 04:00:00,77.1891403198242,NaN,NaN
06-Aug-2021 05:00:00,77.1903343200684,NaN,NaN
06-Aug-2021 06:00:00,77.1896228790283,NaN,NaN
06-Aug-2021 07:00:00,77.1898517608643,5.33700776100159,130.170841217041
06-Aug-2021 08:00:00,77.1891403198242,4.95109558105469,144.393760681152
06-Aug-2021 09:00:00,77.1893978118896,5.92068457603455,155.512649536133
06-Aug-2021 10:00:00,77.1884269714355,6.88497281074524,148.077217102051
06-Aug-2021 11:00:00,77.1886863708496,6.83630633354187,153.548797607422
06-Aug-2021 12:00:00,77.1889114379883,5.59888315200806,149.898910522461
06-Aug-2021 13:00:00,77.1898517608643,5.59467172622681,156.613159179688
06-Aug-2021 14:00:00,77.1896228790283,6.147465467453,141.823234558105
06-Aug-2021 15:00:00,77.1896228790283,4.71917271614075,243.089698791504
06-Aug-2021 16:00:00,77.1891403198242,2.51270985603333,138.849990844727
06-Aug-2021 17:00:00,77.1905632019043,3.07359743118286,165.800155639648
06-Aug-2021 18:00:00,77.1891403198242,2.80169880390167,192.491806030273
06-Aug-2021 19:00:00,77.1896228790283,3.27119815349579,194.907958984375
06-Aug-2021 20:00:00,77.1896228790283,1.80797779560089,198.344146728516
06-Aug-2021 21:00:00,77.1896228790283,0.644878447055817,174.882164001465
06-Aug-2021 22:00:00,77.1896228790283,3.78655004501343,187.249084472656
06-Aug-2021 23:00:00,77.1889114379883,2.26252698898315,248.656875610352
07-Aug-2021 00:00:00,77.1896228790283,2.70864546298981,217.300354003906
07-Aug-2021 01:00:00,77.1889114379883,9.82021331787109,267.026000976562
07-Aug-2021 02:00:00,77.1891403198242,NaN,NaN
07-Aug-2021 03:00:00,77.1896228790283,NaN,NaN
07-Aug-2021 04:00:00,77.1891403198242,NaN,NaN
07-Aug-2021 05:00:00,77.1898517608643,NaN,NaN
07-Aug-2021 06:00:00,77.1889114379883,NaN,NaN
07-Aug-2021 07:00:00,77.1896228790283,2.16300249099731,220.699264526367
07-Aug-2021 08:00:00,77.1889114379883,1.87458461523056,222.154541015625
07-Aug-2021 09:00:00,77.1889114379883,3.04698085784912,208.776733398437
07-Aug-2021 10:00:00,77.1886863708496,2.83872139453888,222.436668395996
07-Aug-2021 11:00:00,77.1893978118896,3.47919654846191,199.734100341797
07-Aug-2021 12:00:00,77.1889114379883,3.33643996715546,206.18302154541
07-Aug-2021 13:00:00,77.1891403198242,5.55997467041016,181.424118041992
07-Aug-2021 14:00:00,77.1896228790283,1.4562694132328,261.219856262207
07-Aug-2021 15:00:00,77.1891403198242,2.94322645664215,189.091186523437
07-Aug-2021 16:00:00,77.1889114379883,2.5522449016571,127.361652374268
07-Aug-2021 17:00:00,77.1903343200684,4.33784508705139,148.810539245605
07-Aug-2021 18:00:00,77.1891403198242,2.08084511756897,158.551681518555
07-Aug-2021 19:00:00,77.1891403198242,5.50548624992371,169.896965026855
07-Aug-2021 20:00:00,77.1898517608643,3.77990365028381,134.223861694336
07-Aug-2021 21:00:00,77.190788269043,3.55070447921753,178.53279876709
07-Aug-2021 22:00:00,77.191047668457,NaN,NaN
07-Aug-2021 23:00:00,77.1896228790283,NaN,NaN
08-Aug-2021 00:00:00,77.1896228790283,NaN,NaN
08-Aug-2021 01:00:00,77.1905632019043,NaN,NaN
08-Aug-2021 02:00:00,77.1896228790283,NaN,NaN
08-Aug-2021 03:00:00,77.1898517608643,NaN,NaN
08-Aug-2021 04:00:00,77.1889114379883,NaN,NaN
08-Aug-2021 05:00:00,77.1898517608643,NaN,NaN
08-Aug-2021 06:00:00,77.1903343200684,6.7597758769989,212.33869934082
08-Aug-2021 07:00:00,77.1896228790283,6.5306761264801,207.229690551758
08-Aug-2021 08:00:00,77.1889114379883,6.6708300113678,213.318939208984
08-Aug-2021 09:00:00,77.1898517608643,7.18107342720032,230.695335388184
08-Aug-2021 10:00:00,77.1889114379883,7.33617115020752,227.45728302002
08-Aug-2021 11:00:00,77.1903343200684,8.2127890586853,229.72925567627
08-Aug-2021 12:00:00,77.1896228790283,8.43425035476685,235.095596313477
08-Aug-2021 13:00:00,77.1903343200684,8.0813410282135,240.126518249512
08-Aug-2021 14:00:00,77.1886863708496,7.78076195716858,239.178909301758
08-Aug-2021 15:00:00,77.1889114379883,6.28869080543518,236.450531005859
08-Aug-2021 16:00:00,77.1889114379883,5.09170269966125,218.898025512695
08-Aug-2021 17:00:00,77.1903343200684,6.29006481170654,237.883323669434
08-Aug-2021 18:00:00,77.1896228790283,5.67105650901794,223.059303283691
08-Aug-2021 19:00:00,77.1898517608643,4.95013928413391,208.453765869141
08-Aug-2021 20:00:00,77.1896228790283,5.72906684875488,217.655113220215
08-Aug-2021 21:00:00,77.1896228790283,4.68122696876526,220.289596557617
08-Aug-2021 22:00:00,77.1896228790283,5.10181283950806,231.275703430176
08-Aug-2021 23:00:00,77.1898517608643,5.71645307540894,206.340103149414
09-Aug-2021 00:00:00,77.1889114379883,4.99584245681763,219.268730163574
09-Aug-2021 01:00:00,98.2967414855957,2.9523241519928,244.751403808594
09-Aug-2021 02:00:00,77.1896228790283,4.85551166534424,206.036437988281
09-Aug-2021 03:00:00,77.1900768280029,5.3324818611145,211.428428649902
09-Aug-2021 04:00:00,77.1889114379883,4.86067080497742,211.259666442871
09-Aug-2021 05:00:00,77.1896228790283,4.46693825721741,215.741584777832
09-Aug-2021 06:00:00,77.1905632019043,4.82268214225769,224.365333557129
09-Aug-2021 07:00:00,77.1896228790283,6.41775298118591,231.555183410645
09-Aug-2021 08:00:00,77.191047668457,5.92454648017883,230.115463256836
09-Aug-2021 09:00:00,77.1903343200684,6.76081824302673,224.910110473633
09-Aug-2021 10:00:00,77.1889114379883,5.85381698608398,236.915077209473
09-Aug-2021 11:00:00,77.1898517608643,7.67669034004211,225.922309875488
09-Aug-2021 12:00:00,77.1889114379883,7.74074220657349,223.263381958008
09-Aug-2021 13:00:00,77.1903343200684,6.30463457107544,213.847396850586
09-Aug-2021 14:00:00,77.1893978118896,7.53289532661438,218.677894592285
09-Aug-2021 15:00:00,77.1886863708496,6.11230111122131,209.831481933594
09-Aug-2021 16:00:00,77.1896228790283,4.71948337554932,215.779739379883
09-Aug-2021 17:00:00,77.1891403198242,5.37132787704468,206.489463806152
09-Aug-2021 18:00:00,77.1896228790283,6.49812889099121,213.396072387695
09-Aug-2021 19:00:00,77.1896228790283,1.06091800332069,181.264846801758
09-Aug-2021 20:00:00,77.1889114379883,3.32593381404877,158.21134185791
09-Aug-2021 21:00:00,77.1898517608643,2.83281779289246,161.403633117676
09-Aug-2021 22:00:00,77.1889114379883,4.67101192474365,164.23078918457
09-Aug-2021 23:00:00,77.1889114379883,2.50949609279633,145.317283630371
10-Aug-2021 00:00:00,77.191047668457,7.85223579406738,252.178604125977
10-Aug-2021 01:00:00,77.1896228790283,NaN,NaN
10-Aug-2021 02:00:00,77.1889114379883,NaN,NaN
10-Aug-2021 03:00:00,77.1893978118896,NaN,NaN
10-Aug-2021 04:00:00,77.1896228790283,NaN,NaN
10-Aug-2021 05:00:00,77.1889114379883,NaN,NaN
10-Aug-2021 06:00:00,77.1905632019043,2.06498575210571,206.359985351562
10-Aug-2021 07:00:00,77.1896228790283,3.62838840484619,202.680519104004
10-Aug-2021 08:00:00,77.1900768280029,4.03711259365082,226.600578308105
10-Aug-2021 09:00:00,77.1898517608643,4.25217247009277,210.864944458008
10-Aug-2021 10:00:00,77.1898517608643,4.87365245819092,220.364631652832
10-Aug-2021 11:00:00,77.1898517608643,5.89418697357178,239.840774536133
10-Aug-2021 12:00:00,77.1891403198242,5.54140329360962,264.05339050293
10-Aug-2021 13:00:00,77.1905632019043,4.29857063293457,289.09211730957
10-Aug-2021 14:00:00,77.1896228790283,5.66795015335083,252.111083984375
10-Aug-2021 15:00:00,77.1889114379883,3.02835309505463,340.799057006836
10-Aug-2021 16:00:00,77.1889114379883,4.96109402179718,318.853805541992
10-Aug-2021 17:00:00,77.1903343200684,3.0777006149292,294.375305175781
10-Aug-2021 18:00:00,77.1903343200684,3.39233410358429,261.88549041748
10-Aug-2021 19:00:00,77.1900768280029,2.41449284553528,258.41089630127
10-Aug-2021 20:00:00,77.1889114379883,4.00976192951202,281.47087097168
10-Aug-2021 21:00:00,77.1898517608643,3.70134425163269,277.430053710938
10-Aug-2021 22:00:00,77.1900768280029,4.42741560935974,267.408920288086
10-Aug-2021 23:00:00,77.1893978118896,NaN,NaN
11-Aug-2021 00:00:00,77.1893978118896,NaN,NaN
11-Aug-2021 01:00:00,77.1893978118896,NaN,NaN
11-Aug-2021 02:00:00,77.1896228790283,NaN,NaN
11-Aug-2021 03:00:00,77.1898517608643,NaN,NaN
11-Aug-2021 04:00:00,77.1893978118896,NaN,NaN
11-Aug-2021 05:00:00,77.1905632019043,NaN,NaN
11-Aug-2021 06:00:00,77.1898517608643,0.984978288412094,164.56037902832
11-Aug-2021 07:00:00,77.1886863708496,1.29344654083252,187.454544067383
11-Aug-2021 08:00:00,77.1896228790283,3.51285254955292,262.475112915039
11-Aug-2021 09:00:00,77.1896228790283,3.16122210025787,267.958129882812
11-Aug-2021 10:00:00,77.1893653869629,3.16115641593933,278.465072631836
11-Aug-2021 11:00:00,77.1891403198242,3.19322729110718,282.020309448242
11-Aug-2021 12:00:00,77.1886863708496,3.11237275600433,286.671081542969
11-Aug-2021 13:00:00,77.1896228790283,5.06987428665161,290.319747924805
11-Aug-2021 14:00:00,77.1879730224609,3.91301274299622,271.856018066406
11-Aug-2021 15:00:00,77.1889114379883,5.37312817573547,291.211044311523
11-Aug-2021 16:00:00,77.1889114379883,4.68719744682312,296.905044555664
11-Aug-2021 17:00:00,77.1881980895996,4.75882792472839,291.337066650391
11-Aug-2021 18:00:00,77.1893978118896,4.38764727115631,291.302505493164
11-Aug-2021 19:00:00,77.1889114379883,2.93425607681274,292.99919128418
11-Aug-2021 20:00:00,77.1898517608643,0.808954268693924,341.811325073242
11-Aug-2021 21:00:00,77.1903343200684,0.455804355442524,282.945195674896
11-Aug-2021 22:00:00,77.1896228790283,0.845413148403168,139.892520904541
11-Aug-2021 23:00:00,77.1889114379883,1.79707783460617,195.052680969238
12-Aug-2021 00:00:00,77.1896228790283,2.66153526306152,148.860946655273
12-Aug-2021 01:00:00,77.1896228790283,NaN,NaN
12-Aug-2021 02:00:00,77.1886863708496,NaN,NaN
12-Aug-2021 03:00:00,77.1893978118896,NaN,NaN
12-Aug-2021 04:00:00,77.1896228790283,NaN,NaN
12-Aug-2021 05:00:00,77.1898517608643,NaN,NaN
12-Aug-2021 06:00:00,77.1896228790283,NaN,NaN
12-Aug-2021 07:00:00,77.1889114379883,3.08849287033081,164.613800048828
12-Aug-2021 08:00:00,77.1900768280029,3.27647769451141,162.91088104248
12-Aug-2021 09:00:00,77.1886863708496,3.70888960361481,160.597969055176
12-Aug-2021 10:00:00,77.1889114379883,3.50832426548004,171.565795898438
12-Aug-2021 11:00:00,77.1891403198242,4.37612342834473,167.165748596191
12-Aug-2021 12:00:00,77.1891403198242,4.39052617549896,165.686073303223
12-Aug-2021 13:00:00,77.1896228790283,3.26149499416351,177.79541015625
12-Aug-2021 14:00:00,77.1889114379883,3.37225043773651,246.092094421387
12-Aug-2021 15:00:00,77.1889114379883,3.72434175014496,233.353889465332
12-Aug-2021 16:00:00,77.191047668457,2.91792118549347,224.201309204102
12-Aug-2021 17:00:00,77.1898517608643,3.51792621612549,271.065933227539
12-Aug-2021 18:00:00,77.1908226013184,2.74626350402832,287.773040771484
12-Aug-2021 19:00:00,77.1893978118896,2.77547740936279,297.943130493164
12-Aug-2021 20:00:00,77.191047668457,2.70441174507141,314.284698486328
12-Aug-2021 21:00:00,77.1903343200684,3.05630421638489,316.626281738281
12-Aug-2021 22:00:00,77.1896228790283,2.36451077461243,337.643508911133
12-Aug-2021 23:00:00,77.1896228790283,2.96722817420959,341.999130249023
13-Aug-2021 00:00:00,77.1898517608643,1.90052658319473,33.8328800201416
13-Aug-2021 01:00:00,77.1898517608643,1.41503047943115,76.4571628570557
13-Aug-2021 02:00:00,77.1889114379883,2.02834916114807,175.141448974609
13-Aug-2021 03:00:00,77.1896228790283,2.05449157953262,175.588989257812
13-Aug-2021 04:00:00,77.1889114379883,3.10146653652191,198.818794250488
13-Aug-2021 05:00:00,77.191276550293,NaN,NaN
13-Aug-2021 06:00:00,77.1905632019043,NaN,NaN
13-Aug-2021 07:00:00,77.1896228790283,1.67827498912811,220.722023010254
13-Aug-2021 08:00:00,77.1903343200684,2.97313070297241,209.874610900879
13-Aug-2021 09:00:00,77.1896228790283,4.62364220619202,229.047569274902
13-Aug-2021 10:00:00,77.1900768280029,4.92083883285522,235.211967468262
13-Aug-2021 11:00:00,77.1896228790283,3.74842500686646,233.667030334473
13-Aug-2021 12:00:00,77.1889114379883,4.68097448348999,252.35245513916
13-Aug-2021 13:00:00,77.191047668457,4.239262342453,252.10466003418
13-Aug-2021 14:00:00,77.1896228790283,6.61020803451538,247.403869628906
13-Aug-2021 15:00:00,77.1893978118896,6.64798831939697,273.166259765625
13-Aug-2021 16:00:00,77.1889114379883,9.23830556869507,294.879821777344
13-Aug-2021 17:00:00,77.1896228790283,7.27640104293823,289.106079101562
13-Aug-2021 18:00:00,77.1901092529297,6.34029698371887,330.499069213867
13-Aug-2021 19:00:00,77.1898517608643,6.29815673828125,312.228805541992
13-Aug-2021 20:00:00,77.1896228790283,6.8758499622345,309.785430908203
13-Aug-2021 21:00:00,77.1905632019043,4.98416376113892,307.472137451172
13-Aug-2021 22:00:00,77.1893978118896,4.74086666107178,311.911361694336
13-Aug-2021 23:00:00,77.1886863708496,4.56676912307739,287.084747314453
14-Aug-2021 00:00:00,77.1889114379883,3.36031198501587,269.132507324219
14-Aug-2021 01:00:00,77.1896228790283,15.2025699615479,256.226531982422
14-Aug-2021 02:00:00,77.1893978118896,15.64517557621,250.618438720703
14-Aug-2021 03:00:00,77.1903343200684,2.93671452999115,216.944259643555
14-Aug-2021 04:00:00,77.1896228790283,3.16276049613953,206.54744720459
14-Aug-2021 05:00:00,77.1903343200684,3.53225314617157,222.252388000488
14-Aug-2021 06:00:00,77.191276550293,3.98079025745392,215.349662780762
14-Aug-2021 07:00:00,77.1893978118896,3.36387550830841,219.759437561035
14-Aug-2021 08:00:00,77.1898517608643,5.34405851364136,218.186012268066
14-Aug-2021 09:00:00,77.1886863708496,6.1630756855011,234.907623291016
14-Aug-2021 10:00:00,77.1889114379883,6.94398665428162,246.213035583496
14-Aug-2021 11:00:00,77.1896228790283,6.14011073112488,241.11116027832
14-Aug-2021 12:00:00,77.1881980895996,6.60128903388977,254.56575012207
14-Aug-2021 13:00:00,77.1889114379883,7.24808120727539,264.040222167969
14-Aug-2021 14:00:00,77.1881980895996,6.98480272293091,255.636825561523
14-Aug-2021 15:00:00,77.1886863708496,7.53731298446655,259.20719909668
14-Aug-2021 16:00:00,77.1901092529297,5.79237222671509,302.757507324219
14-Aug-2021 17:00:00,77.1900768280029,6.87878370285034,305.595123291016
14-Aug-2021 18:00:00,77.1898517608643,6.47913098335266,311.624877929688
14-Aug-2021 19:00:00,77.1896228790283,4.65419912338257,303.625564575195
14-Aug-2021 20:00:00,77.1896228790283,4.16959595680237,300.322875976562
14-Aug-2021 21:00:00,77.1903343200684,5.72270703315735,298.988189697266
14-Aug-2021 22:00:00,77.1896228790283,3.85339105129242,279.34358215332
14-Aug-2021 23:00:00,77.1893978118896,4.13134479522705,272.182220458984
15-Aug-2021 00:00:00,77.1893978118896,4.55727910995483,269.200119018555
15-Aug-2021 01:00:00,77.1891403198242,3.66180682182312,246.71849822998
15-Aug-2021 02:00:00,77.1893978118896,3.16186571121216,243.070610046387
15-Aug-2021 03:00:00,77.1889114379883,2.56999576091766,227.970741271973
15-Aug-2021 04:00:00,77.1896228790283,3.89260995388031,312.484359741211
15-Aug-2021 05:00:00,77.1891403198242,2.30133271217346,280.38151550293
15-Aug-2021 06:00:00,77.1896228790283,2.92907762527466,261.114318847656
15-Aug-2021 07:00:00,77.1893978118896,1.38818830251694,232.554092407227
15-Aug-2021 08:00:00,77.1903343200684,1.08883637189865,218.538070678711
15-Aug-2021 09:00:00,77.1889114379883,1.28863522410393,26.2716760635376
15-Aug-2021 10:00:00,77.1903343200684,1.62037038803101,288.136138916016
15-Aug-2021 11:00:00,77.1905632019043,0.970718204975128,334.013732910156
15-Aug-2021 12:00:00,77.1886863708496,1.68397784233093,115.827144622803
15-Aug-2021 13:00:00,77.1889114379883,1.55451786518097,127.663692474365
15-Aug-2021 14:00:00,77.1881980895996,1.88905256986618,209.38988494873
15-Aug-2021 15:00:00,77.1881980895996,3.73383319377899,224.47615814209
15-Aug-2021 16:00:00,77.1891403198242,3.99535715579987,213.350975036621
15-Aug-2021 17:00:00,77.1889114379883,5.0291919708252,238.357925415039
15-Aug-2021 18:00:00,77.1898517608643,4.72492122650146,227.275032043457
15-Aug-2021 19:00:00,77.1898517608643,6.14500951766968,231.773323059082
15-Aug-2021 20:00:00,77.1896228790283,6.58081102371216,250.19019317627
15-Aug-2021 21:00:00,77.1898517608643,6.20269060134888,263.654632568359
15-Aug-2021 22:00:00,77.1889114379883,5.89850759506226,277.893264770508
15-Aug-2021 23:00:00,77.1891403198242,4.97452414035797,282.12873840332
16-Aug-2021 00:00:00,77.1896228790283,5.39011168479919,278.225723266602
16-Aug-2021 01:00:00,77.1896228790283,4.03396058082581,263.315933227539
16-Aug-2021 02:00:00,77.1893653869629,2.39592671394348,239.164123535156
16-Aug-2021 03:00:00,77.1891403198242,2.16529989242554,232.876571655273
16-Aug-2021 04:00:00,77.1891403198242,5.69579029083252,227.017211914062
16-Aug-2021 05:00:00,77.1896228790283,7.00168561935425,251.341293334961
16-Aug-2021 06:00:00,77.1896228790283,8.55862379074097,253.303070068359
16-Aug-2021 07:00:00,77.1900768280029,8.16264152526855,253.884216308594
16-Aug-2021 08:00:00,77.1889114379883,7.13285040855408,253.664749145508
16-Aug-2021 09:00:00,77.1893653869629,7.81928682327271,250.89892578125
16-Aug-2021 10:00:00,77.1896228790283,7.20139646530151,240.997299194336
16-Aug-2021 11:00:00,77.1896228790283,7.01109790802002,248.78092956543
16-Aug-2021 12:00:00,77.1889114379883,7.92044520378113,266.851806640625
16-Aug-2021 13:00:00,77.1889114379883,6.36325240135193,270.846160888672
16-Aug-2021 14:00:00,77.1896228790283,6.23462748527527,280.124053955078
16-Aug-2021 15:00:00,77.1896228790283,6.40181255340576,259.329223632812
16-Aug-2021 16:00:00,77.1893653869629,7.01045846939087,262.198883056641
16-Aug-2021 17:00:00,77.1898517608643,8.73987293243408,287.804473876953
16-Aug-2021 18:00:00,77.1900768280029,8.73344755172729,275.79817199707
16-Aug-2021 19:00:00,77.1898517608643,8.02914810180664,245.958885192871
16-Aug-2021 20:00:00,77.1889114379883,10.4312882423401,248.545265197754
16-Aug-2021 21:00:00,77.1898517608643,9.56552124023438,252.457893371582
16-Aug-2021 22:00:00,77.1889114379883,9.00693821907043,264.531677246094
16-Aug-2021 23:00:00,77.1896228790283,8.28432130813599,280.972213745117
17-Aug-2021 00:00:00,77.1889114379883,8.54747819900513,275.088195800781
17-Aug-2021 01:00:00,77.1900768280029,9.33237266540527,278.856033325195
17-Aug-2021 02:00:00,77.1896228790283,8.16521906852722,286.934860229492
17-Aug-2021 03:00:00,77.1903343200684,6.63904666900635,275.026153564453
17-Aug-2021 04:00:00,77.1893978118896,7.85970401763916,276.932907104492
17-Aug-2021 05:00:00,77.1896228790283,7.8508517742157,276.652847290039
17-Aug-2021 06:00:00,77.1898517608643,7.62131905555725,276.267807006836
17-Aug-2021 07:00:00,77.1896228790283,7.53065228462219,264.445907592773
17-Aug-2021 08:00:00,77.1898517608643,8.30025577545166,272.66828918457
17-Aug-2021 09:00:00,77.1898517608643,8.21358060836792,267.073928833008
17-Aug-2021 10:00:00,77.1900768280029,8.13407444953918,273.998809814453
17-Aug-2021 11:00:00,77.1900768280029,8.42317080497742,274.036880493164
17-Aug-2021 12:00:00,77.1898517608643,10.0820603370667,280.242004394531
17-Aug-2021 13:00:00,77.1889114379883,9.92599868774414,278.372436523438
17-Aug-2021 14:00:00,77.1891403198242,8.93886923789978,283.187484741211
17-Aug-2021 15:00:00,77.1905632019043,9.08270502090454,303.653381347656
17-Aug-2021 16:00:00,77.1896228790283,9.5873908996582,296.58821105957
17-Aug-2021 17:00:00,77.1891403198242,9.21951222419739,296.569900512695
17-Aug-2021 18:00:00,77.1889114379883,8.5416431427002,295.670181274414
17-Aug-2021 19:00:00,77.1891403198242,6.04569149017334,292.311279296875
17-Aug-2021 20:00:00,77.1889114379883,6.31688904762268,279.182022094727
17-Aug-2021 21:00:00,77.1896228790283,7.06321287155151,277.682388305664
17-Aug-2021 22:00:00,77.1891403198242,6.61902809143066,270.411224365234
17-Aug-2021 23:00:00,77.1900768280029,6.86753940582275,271.439407348633
18-Aug-2021 00:00:00,77.1889114379883,5.83739447593689,278.009216308594
18-Aug-2021 01:00:00,77.1900768280029,5.98051786422729,269.070358276367
18-Aug-2021 02:00:00,77.1903343200684,6.43335199356079,269.331832885742
18-Aug-2021 03:00:00,77.1889114379883,5.99198436737061,264.338653564453
18-Aug-2021 04:00:00,77.1898517608643,5.42641401290894,266.645584106445
18-Aug-2021 05:00:00,77.1898517608643,6.1652672290802,273.415863037109
18-Aug-2021 06:00:00,77.1889114379883,7.12626886367798,255.3671875
18-Aug-2021 07:00:00,77.1891403198242,7.66271686553955,265.861099243164
18-Aug-2021 08:00:00,77.1874866485596,6.08760786056519,276.206405639648
18-Aug-2021 09:00:00,77.1903343200684,6.90750551223755,266.155731201172
18-Aug-2021 10:00:00,77.1896228790283,6.59561371803284,275.479293823242
18-Aug-2021 11:00:00,77.1896228790283,7.33976697921753,273.799301147461
18-Aug-2021 12:00:00,77.1889114379883,8.22478604316711,276.903671264648
18-Aug-2021 13:00:00,77.1896228790283,8.64248847961426,271.634552001953
18-Aug-2021 14:00:00,77.1891403198242,7.672696352005,278.476745605469
18-Aug-2021 15:00:00,77.1896228790283,7.14044380187988,269.045700073242
18-Aug-2021 16:00:00,77.1900768280029,5.91542935371399,271.999404907227
18-Aug-2021 17:00:00,77.1889114379883,6.68638873100281,278.54231262207
18-Aug-2021 18:00:00,77.1896228790283,5.23311614990234,274.502395629883
18-Aug-2021 19:00:00,77.1891403198242,5.62624216079712,268.632522583008
18-Aug-2021 20:00:00,77.1886863708496,6.07928991317749,265.20947265625
18-Aug-2021 21:00:00,77.1893653869629,6.30940699577332,266.339965820312
18-Aug-2021 22:00:00,77.1893653869629,7.24722027778625,266.87092590332
18-Aug-2021 23:00:00,77.1889114379883,6.05440616607666,268.631240844727
19-Aug-2021 00:00:00,77.1889114379883,7.06312775611877,266.927642822266
19-Aug-2021 01:00:00,77.1889114379883,8.17914223670959,264.553314208984
19-Aug-2021 02:00:00,77.1896228790283,7.65598893165588,270.0126953125
19-Aug-2021 03:00:00,77.1889114379883,7.82774186134338,279.361114501953
19-Aug-2021 04:00:00,77.1889114379883,6.33463478088379,276.89143371582
19-Aug-2021 05:00:00,77.1896228790283,6.15543699264526,267.362899780273
19-Aug-2021 06:00:00,77.1893653869629,6.73560357093811,281.209777832031
19-Aug-2021 07:00:00,77.1896228790283,6.2049765586853,266.315353393555
19-Aug-2021 08:00:00,77.1898517608643,5.80605530738831,263.974655151367
19-Aug-2021 09:00:00,77.1896228790283,6.38428735733032,268.540710449219
19-Aug-2021 10:00:00,77.1896228790283,4.67575407028198,309.719528198242
19-Aug-2021 11:00:00,77.1891403198242,5.43269515037537,290.301635742188
19-Aug-2021 12:00:00,77.1898517608643,4.27814078330994,291.468276977539
19-Aug-2021 13:00:00,77.1896228790283,4.57039952278137,279.917907714844
19-Aug-2021 14:00:00,77.1900768280029,3.0835884809494,252.909088134766
19-Aug-2021 15:00:00,77.1900768280029,4.14844453334808,269.530349731445
19-Aug-2021 16:00:00,77.1898517608643,5.13775253295898,283.202117919922
19-Aug-2021 17:00:00,77.1896228790283,6.47967743873596,300.555221557617
19-Aug-2021 18:00:00,77.1889114379883,5.98521828651428,303.140579223633
19-Aug-2021 19:00:00,77.1889114379883,4.13166379928589,290.560989379883
19-Aug-2021 20:00:00,77.1900768280029,4.90723967552185,303.022338867188
19-Aug-2021 21:00:00,77.1896228790283,3.66613185405731,295.811126708984
19-Aug-2021 22:00:00,77.1898517608643,4.08483064174652,284.325408935547
19-Aug-2021 23:00:00,77.1891403198242,3.23076701164246,283.272445678711
20-Aug-2021 00:00:00,77.190788269043,3.14123773574829,289.826416015625
20-Aug-2021 01:00:00,77.1896228790283,2.78643012046814,262.656433105469
20-Aug-2021 02:00:00,77.1898517608643,2.45623290538788,245.530487060547
20-Aug-2021 03:00:00,77.1896228790283,2.55447018146515,246.586990356445
20-Aug-2021 04:00:00,77.1896228790283,1.56550484895706,220.040664672852
20-Aug-2021 05:00:00,77.1889114379883,1.54738676548004,198.424446105957
20-Aug-2021 06:00:00,77.1889114379883,1.33760714530945,189.488159179688
20-Aug-2021 07:00:00,77.1891403198242,2.874791264534,181.625953674316
20-Aug-2021 08:00:00,77.1898517608643,2.08429545164108,212.669982910156
20-Aug-2021 09:00:00,77.1898517608643,2.19088488817215,214.84130859375
20-Aug-2021 10:00:00,77.1896228790283,2.7216477394104,189.65665435791
20-Aug-2021 11:00:00,77.1889114379883,3.66165018081665,258.774719238281
20-Aug-2021 12:00:00,98.2969703674316,4.87256145477295,268.623458862305
20-Aug-2021 13:00:00,77.1896228790283,6.01563000679016,279.072509765625
20-Aug-2021 14:00:00,77.190788269043,5.27955865859985,293.093475341797
20-Aug-2021 15:00:00,77.1898517608643,4.93287253379822,311.399932861328
20-Aug-2021 16:00:00,77.1896228790283,4.51563537120819,300.710800170898
20-Aug-2021 17:00:00,77.1896228790283,3.95345091819763,308.773742675781
20-Aug-2021 18:00:00,77.1905632019043,4.72915959358215,306.277725219727
20-Aug-2021 19:00:00,77.1905632019043,3.70630896091461,301.370208740234
20-Aug-2021 20:00:00,77.1896228790283,3.64086437225342,312.726364135742
20-Aug-2021 21:00:00,77.1896228790283,2.775066614151,310.703979492188
20-Aug-2021 22:00:00,77.1896228790283,2.97840738296509,324.561996459961
20-Aug-2021 23:00:00,77.1896228790283,3.05714285373688,341.82958984375
21-Aug-2021 00:00:00,77.1908226013184,2.58076667785645,353.259765625
21-Aug-2021 01:00:00,77.1889114379883,1.92538660764694,357.700199961662
21-Aug-2021 02:00:00,77.1898517608643,2.04099386930466,11.2577021121979
21-Aug-2021 03:00:00,77.1896228790283,NaN,NaN
21-Aug-2021 04:00:00,77.1896228790283,0.787763595581055,170.66325378418
21-Aug-2021 05:00:00,77.1896228790283,1.87283819913864,109.131526947021
21-Aug-2021 06:00:00,77.1900768280029,NaN,NaN
21-Aug-2021 07:00:00,77.1898517608643,1.73760920763016,139.267120361328
21-Aug-2021 08:00:00,77.191047668457,1.4791225194931,131.709445953369
21-Aug-2021 09:00:00,77.1903343200684,2.26690471172333,142.693565368652
21-Aug-2021 10:00:00,77.1896228790283,2.44365954399109,161.833145141602
21-Aug-2021 11:00:00,77.1891403198242,2.6117342710495,137.903923034668
21-Aug-2021 12:00:00,77.1905632019043,2.6483405828476,160.248802185059
21-Aug-2021 13:00:00,77.1889114379883,2.83361220359802,152.900276184082
21-Aug-2021 14:00:00,77.1889114379883,2.85194456577301,142.894187927246
21-Aug-2021 15:00:00,77.1896228790283,2.3424066901207,172.557037353516
21-Aug-2021 16:00:00,77.1889114379883,2.56046712398529,132.615295410156
21-Aug-2021 17:00:00,77.1891403198242,2.45910394191742,134.334930419922
21-Aug-2021 18:00:00,77.1896228790283,3.27065360546112,102.493625640869
21-Aug-2021 19:00:00,77.1903343200684,3.85694396495819,119.276275634766
21-Aug-2021 20:00:00,77.1893978118896,4.13904023170471,118.936260223389
21-Aug-2021 21:00:00,77.1896228790283,3.70769894123077,116.092041015625
21-Aug-2021 22:00:00,77.1896228790283,4.50006783008575,117.072834014893
21-Aug-2021 23:00:00,77.1893978118896,4.94541525840759,123.017917633057
22-Aug-2021 00:00:00,77.1898517608643,4.96605539321899,119.853755950928
22-Aug-2021 01:00:00,77.1896228790283,4.6288628578186,121.994262695312
22-Aug-2021 02:00:00,77.1893978118896,4.71627855300903,108.838172912598
22-Aug-2021 03:00:00,77.1896228790283,5.31004953384399,108.119758605957
22-Aug-2021 04:00:00,77.1893978118896,4.96993899345398,103.90922164917
22-Aug-2021 05:00:00,77.1898517608643,4.87300038337708,106.192260742188
22-Aug-2021 06:00:00,77.1893978118896,5.30759596824646,104.854625701904
22-Aug-2021 07:00:00,77.1893978118896,4.39351153373718,118.992462158203
22-Aug-2021 08:00:00,77.1893978118896,4.45112109184265,119.158004760742
22-Aug-2021 09:00:00,77.1903343200684,5.81354331970215,111.416511535645
22-Aug-2021 10:00:00,77.1896228790283,4.55343890190125,115.808799743652
22-Aug-2021 11:00:00,77.1898517608643,4.07955348491669,112.360450744629
22-Aug-2021 12:00:00,77.1898517608643,3.80439805984497,111.311267852783
22-Aug-2021 13:00:00,77.1898517608643,4.44710266590118,104.91272354126
22-Aug-2021 14:00:00,77.1903343200684,4.51421105861664,93.5787391662598
22-Aug-2021 15:00:00,77.1898517608643,4.09886300563812,86.447868347168
22-Aug-2021 16:00:00,77.1896228790283,3.80171155929565,71.1053314208984
22-Aug-2021 17:00:00,77.1896228790283,4.82513380050659,70.1609954833984
22-Aug-2021 18:00:00,77.1901092529297,6.40992593765259,64.8959350585938
22-Aug-2021 19:00:00,77.1893978118896,4.66640543937683,48.4710292816162
22-Aug-2021 20:00:00,77.1901092529297,5.00167465209961,50.6431789398193
22-Aug-2021 21:00:00,77.1893653869629,5.59207344055176,44.1004772186279
22-Aug-2021 22:00:00,77.1896228790283,4.92885684967041,42.0011196136475
22-Aug-2021 23:00:00,77.1896228790283,3.52163434028625,44.7057495117188
23-Aug-2021 00:00:00,77.1889114379883,3.76624095439911,28.2898254394531
23-Aug-2021 01:00:00,77.1896228790283,4.29690682888031,34.0319271087646
23-Aug-2021 02:00:00,77.1896228790283,4.50854468345642,29.3822727203369
23-Aug-2021 03:00:00,77.1889114379883,4.4559041261673,25.6427125930786
23-Aug-2021 04:00:00,77.1898517608643,3.74389791488647,22.2402906417847
23-Aug-2021 05:00:00,77.1889114379883,4.17585790157318,24.5278625488281
23-Aug-2021 06:00:00,77.1896228790283,5.69530057907104,39.1564617156982
23-Aug-2021 07:00:00,77.1891403198242,5.31272792816162,48.6107616424561
23-Aug-2021 08:00:00,77.1896228790283,5.9198751449585,58.5768260955811
23-Aug-2021 09:00:00,77.1905632019043,6.27616238594055,69.9331474304199
23-Aug-2021 10:00:00,77.1898517608643,5.77555847167969,61.67698097229
23-Aug-2021 11:00:00,77.1898517608643,6.95863890647888,63.9663639068604
23-Aug-2021 12:00:00,77.1896228790283,6.81746578216553,50.877161026001
23-Aug-2021 13:00:00,77.1898517608643,6.92455053329468,55.9702796936035
23-Aug-2021 14:00:00,77.1893978118896,6.4894688129425,44.1424388885498
23-Aug-2021 15:00:00,77.1891403198242,6.07980179786682,39.5341377258301
23-Aug-2021 16:00:00,77.1889114379883,4.81070852279663,41.0208969116211
23-Aug-2021 17:00:00,77.1903343200684,5.16497921943665,40.9256610870361
23-Aug-2021 18:00:00,77.1900768280029,4.64155662059784,27.8942594528198
23-Aug-2021 19:00:00,77.1903343200684,4.30740308761597,40.4857292175293
23-Aug-2021 20:00:00,77.1893978118896,4.42731297016144,38.904634475708
23-Aug-2021 21:00:00,77.1908226013184,3.83032715320587,49.6214847564697
23-Aug-2021 22:00:00,77.1896228790283,5.15109491348267,62.4182357788086
23-Aug-2021 23:00:00,77.1903343200684,5.00407707691193,69.6240940093994
24-Aug-2021 00:00:00,77.1893978118896,4.97831797599792,79.2571182250977
24-Aug-2021 01:00:00,77.1893978118896,4.15107917785645,71.8335418701172
24-Aug-2021 02:00:00,77.1903343200684,NaN,NaN
24-Aug-2021 03:00:00,77.1893978118896,NaN,NaN
24-Aug-2021 04:00:00,77.1893978118896,NaN,NaN
24-Aug-2021 05:00:00,77.1898517608643,NaN,NaN
24-Aug-2021 06:00:00,77.1903343200684,NaN,NaN
24-Aug-2021 07:00:00,77.1896228790283,2.60823512077332,91.6845397949219
24-Aug-2021 08:00:00,77.1903343200684,3.18324279785156,76.2654590606689
24-Aug-2021 09:00:00,77.1889114379883,3.28403699398041,88.2463760375977
24-Aug-2021 10:00:00,77.1896228790283,3.00050354003906,93.1482162475586
24-Aug-2021 11:00:00,77.1903343200684,5.29142463207245,47.6952323913574
24-Aug-2021 12:00:00,77.191047668457,3.96038138866425,79.7474098205566
24-Aug-2021 13:00:00,77.1896228790283,3.38382983207703,47.6234722137451
24-Aug-2021 14:00:00,77.1896228790283,3.90432381629944,62.4696559906006
24-Aug-2021 15:00:00,77.1901092529297,4.01369273662567,65.7191638946533
24-Aug-2021 16:00:00,77.1896228790283,3.58826923370361,81.1514205932617
24-Aug-2021 17:00:00,77.1903343200684,2.8258444070816,84.1486053466797
24-Aug-2021 18:00:00,77.191276550293,2.63864004611969,81.8284149169922
24-Aug-2021 19:00:00,77.1891403198242,1.9642037153244,85.9186630249023
24-Aug-2021 20:00:00,77.1905632019043,1.96917051076889,79.7541275024414
24-Aug-2021 21:00:00,77.1903343200684,1.99226242303848,92.1080474853516
24-Aug-2021 22:00:00,77.1896228790283,1.47033590078354,115.823066711426
24-Aug-2021 23:00:00,77.1889114379883,0.668287575244904,240.061386108398
25-Aug-2021 00:00:00,77.1896228790283,NaN,NaN
25-Aug-2021 01:00:00,77.1896228790283,1.43637800216675,249.42374420166
25-Aug-2021 02:00:00,77.1893978118896,2.49042308330536,262.160461425781
25-Aug-2021 03:00:00,77.1893978118896,3.05322122573853,285.448989868164
25-Aug-2021 04:00:00,77.1896228790283,2.54535853862762,284.329986572266
25-Aug-2021 05:00:00,77.1896228790283,3.42273879051208,294.197662353516
25-Aug-2021 06:00:00,77.1893978118896,NaN,NaN
25-Aug-2021 07:00:00,77.1896228790283,3.9326446056366,285.887054443359
25-Aug-2021 08:00:00,77.1903343200684,6.7160177230835,288.584594726562
25-Aug-2021 09:00:00,77.1893978118896,6.93706631660461,290.561798095703
25-Aug-2021 10:00:00,77.1900768280029,8.2082314491272,296.760131835938
25-Aug-2021 11:00:00,77.1893978118896,8.70869207382202,293.706268310547
25-Aug-2021 12:00:00,77.1896228790283,9.43755626678467,293.591796875
25-Aug-2021 13:00:00,77.1889114379883,10.1195321083069,297.014862060547
25-Aug-2021 14:00:00,77.1896228790283,10.1289911270142,285.358764648438
25-Aug-2021 15:00:00,77.1896228790283,8.53897953033447,282.58056640625
25-Aug-2021 16:00:00,77.1908226013184,8.71615314483643,292.046646118164
25-Aug-2021 17:00:00,77.1896228790283,8.53729629516602,291.908096313477
25-Aug-2021 18:00:00,77.1896228790283,6.88870239257812,297.413909912109
25-Aug-2021 19:00:00,77.1903343200684,8.00990152359009,305.592330932617
25-Aug-2021 20:00:00,77.1901092529297,7.96493124961853,307.253005981445
25-Aug-2021 21:00:00,77.1896228790283,7.95986938476562,323.883880615234
25-Aug-2021 22:00:00,77.1893978118896,4.97969102859497,315.680877685547
25-Aug-2021 23:00:00,77.1896228790283,6.39396929740906,308.893203735352
26-Aug-2021 00:00:00,77.1896228790283,8.09011387825012,322.632629394531
26-Aug-2021 01:00:00,77.1896228790283,6.98860645294189,320.305908203125
26-Aug-2021 02:00:00,77.1896228790283,5.42054772377014,319.936630249023
26-Aug-2021 03:00:00,77.1893978118896,4.6254917383194,315.37174987793
26-Aug-2021 04:00:00,77.1898517608643,4.30012035369873,316.081176757812
26-Aug-2021 05:00:00,77.1896228790283,3.8299652338028,311.037246704102
26-Aug-2021 06:00:00,77.1898517608643,4.45414423942566,312.791290283203
26-Aug-2021 07:00:00,77.1896228790283,4.63749217987061,321.837997436523
26-Aug-2021 08:00:00,77.1896228790283,5.38141465187073,334.921188354492
26-Aug-2021 09:00:00,77.1898517608643,5.91419816017151,336.180236816406
26-Aug-2021 10:00:00,77.1903343200684,5.90492916107178,330.751815795898
26-Aug-2021 11:00:00,77.1903343200684,7.17519426345825,357.285228669643
26-Aug-2021 12:00:00,77.1903343200684,7.68844771385193,352.932586669922
26-Aug-2021 13:00:00,77.1893978118896,7.12194156646729,349.569458007812
26-Aug-2021 14:00:00,77.1889114379883,6.03477883338928,345.016708374023
26-Aug-2021 15:00:00,77.1893978118896,4.70647192001343,330.902069091797
26-Aug-2021 16:00:00,77.191047668457,4.30674052238464,357.793304443359
26-Aug-2021 17:00:00,77.1903343200684,4.38846826553345,4.75782585144042
26-Aug-2021 18:00:00,77.1896228790283,5.61502051353455,358.163178443909
26-Aug-2021 19:00:00,77.1898517608643,7.12001585960388,356.029327392578
26-Aug-2021 20:00:00,77.1896228790283,6.5253438949585,352.81071472168
26-Aug-2021 21:00:00,77.1898517608643,7.66741561889648,348.619644165039
26-Aug-2021 22:00:00,77.1896228790283,6.35794687271118,335.972381591797
26-Aug-2021 23:00:00,77.1896228790283,6.36673521995544,338.84423828125
27-Aug-2021 00:00:00,77.1896228790283,6.50444459915161,325.405181884766
27-Aug-2021 01:00:00,77.1896228790283,6.8343939781189,319.944381713867
27-Aug-2021 02:00:00,77.1901092529297,6.95764970779419,322.60758972168
27-Aug-2021 03:00:00,77.1893978118896,7.47947335243225,322.814453125
27-Aug-2021 04:00:00,77.1889114379883,7.53359508514404,324.595062255859
27-Aug-2021 05:00:00,77.1901092529297,7.07304310798645,329.908950805664
27-Aug-2021 06:00:00,77.1896228790283,7.11810636520386,338.33203125
27-Aug-2021 07:00:00,77.1903343200684,5.47027254104614,342.944351196289
27-Aug-2021 08:00:00,77.1893978118896,3.97301030158997,343.153411865234
27-Aug-2021 09:00:00,77.1900768280029,3.73699688911438,341.844085693359
27-Aug-2021 10:00:00,77.1896228790283,4.19348502159119,21.9465353488922
27-Aug-2021 11:00:00,77.1898517608643,NaN,NaN
27-Aug-2021 12:00:00,77.1891403198242,5.73261070251465,37.7967338562012
27-Aug-2021 13:00:00,77.1905632019043,5.43967247009277,15.3530721664429
27-Aug-2021 14:00:00,77.1893978118896,5.80635833740234,42.1111660003662
27-Aug-2021 15:00:00,77.1903343200684,NaN,NaN
27-Aug-2021 16:00:00,77.1896228790283,13.4445705413818,65.4831771850586
27-Aug-2021 17:00:00,77.1893978118896,NaN,NaN
27-Aug-2021 18:00:00,77.1893978118896,3.94706332683563,30.5053386688232
27-Aug-2021 19:00:00,77.1896228790283,3.97193622589111,16.0038137435913
27-Aug-2021 20:00:00,77.1893978118896,3.81202924251556,16.2873663902283
27-Aug-2021 21:00:00,77.1889114379883,3.52981531620026,2.2324848175049
27-Aug-2021 22:00:00,77.1903343200684,3.18674719333649,348.719207763672
27-Aug-2021 23:00:00,77.1889114379883,3.35447895526886,358.95944082737
28-Aug-2021 00:00:00,77.1896228790283,2.46522319316864,18.44056224823
28-Aug-2021 01:00:00,77.1896228790283,1.20487141609192,67.6898765563965
28-Aug-2021 02:00:00,77.1901092529297,0.902516901493073,36.0715103149414
28-Aug-2021 03:00:00,77.1893978118896,0.994688838720322,80.5289459228516
28-Aug-2021 04:00:00,77.1903343200684,2.36711186170578,358.207907915115
28-Aug-2021 05:00:00,77.1905632019043,NaN,NaN
28-Aug-2021 06:00:00,77.1893978118896,4.4400110244751,354.722549438477
28-Aug-2021 07:00:00,77.1898517608643,3.92301976680756,17.1459035873413
28-Aug-2021 08:00:00,77.1889114379883,4.10724925994873,12.7760200500488
28-Aug-2021 09:00:00,77.1889114379883,4.54585099220276,13.5357356071472
28-Aug-2021 10:00:00,77.1896228790283,4.93330907821655,11.8242053985596
28-Aug-2021 11:00:00,77.1896228790283,7.3328070640564,29.0199584960937
28-Aug-2021 12:00:00,77.1898517608643,5.60553979873657,14.2266840934753
28-Aug-2021 13:00:00,77.1896228790283,4.38232779502869,19.758131980896
28-Aug-2021 14:00:00,77.1896228790283,5.36165452003479,10.9342911243439
28-Aug-2021 15:00:00,77.1896228790283,5.89163589477539,16.0070772171021
28-Aug-2021 16:00:00,77.1893978118896,5.1583776473999,5.28137278556824
28-Aug-2021 17:00:00,77.1896228790283,4.51096224784851,10.1271784305572
28-Aug-2021 18:00:00,77.1896228790283,5.3362181186676,358.018676757812
28-Aug-2021 19:00:00,77.1893978118896,5.24084138870239,357.824829101562
28-Aug-2021 20:00:00,78.8935928344727,2.92180687189102,323.801879882812
28-Aug-2021 21:00:00,77.1900768280029,5.21460938453674,339.536544799805
28-Aug-2021 22:00:00,77.1891403198242,4.87201476097107,338.509918212891
28-Aug-2021 23:00:00,77.1893653869629,4.74163508415222,338.655853271484
29-Aug-2021 00:00:00,77.1900768280029,4.24383497238159,344.634735107422
29-Aug-2021 01:00:00,77.1898517608643,5.0880331993103,349.155075073242
29-Aug-2021 02:00:00,77.1905632019043,4.678147315979,344.742248535156
29-Aug-2021 03:00:00,77.191987991333,4.57700490951538,346.107467651367
29-Aug-2021 04:00:00,77.1898517608643,4.39222860336304,339.67041015625
29-Aug-2021 05:00:00,77.1900768280029,3.78114867210388,338.243438720703
29-Aug-2021 06:00:00,77.1893653869629,3.87575697898865,337.992919921875
29-Aug-2021 07:00:00,77.1891403198242,3.48798596858978,343.778945922852
29-Aug-2021 08:00:00,77.1898517608643,3.27562975883484,0.726371049880982
29-Aug-2021 09:00:00,77.1898517608643,3.33121478557587,7.3186309337616
29-Aug-2021 10:00:00,77.1900768280029,2.54597985744476,14.8709626197815
29-Aug-2021 11:00:00,77.1900768280029,5.06005048751831,54.0257682800293
29-Aug-2021 12:00:00,77.1900768280029,6.12177205085754,44.8169574737549
29-Aug-2021 13:00:00,77.1905632019043,5.26903986930847,41.5540466308594
29-Aug-2021 14:00:00,77.190788269043,5.8132963180542,40.3021011352539
29-Aug-2021 15:00:00,77.1905632019043,5.44888877868652,38.0434703826904
29-Aug-2021 16:00:00,77.190788269043,3.45809650421143,34.0107221603394
29-Aug-2021 17:00:00,77.1898517608643,5.10440468788147,31.7915201187134
29-Aug-2021 18:00:00,77.1898517608643,4.88641405105591,11.5421798229218
29-Aug-2021 19:00:00,77.1898517608643,5.43297648429871,5.74428915977478
29-Aug-2021 20:00:00,77.1898517608643,5.37483406066895,18.5531759262085
29-Aug-2021 21:00:00,77.1898517608643,4.31497991085052,12.0964872837067
29-Aug-2021 22:00:00,77.1898517608643,4.54879140853882,8.13645219802856
29-Aug-2021 23:00:00,77.1891403198242,4.83377146720886,16.9469752311707
30-Aug-2021 00:00:00,77.1898517608643,3.88502156734467,9.30392503738403
30-Aug-2021 01:00:00,77.1905632019043,4.95202302932739,7.72285330295563
30-Aug-2021 02:00:00,77.1896228790283,4.07078039646149,7.31928610801697
30-Aug-2021 03:00:00,77.1896228790283,4.36563909053802,5.10125136375427
30-Aug-2021 04:00:00,77.1893978118896,4.90462255477905,359.354373931885
30-Aug-2021 05:00:00,77.1896228790283,5.08102941513062,4.09905767440796
30-Aug-2021 06:00:00,77.190788269043,4.89867544174194,4.656259059906
30-Aug-2021 07:00:00,77.1896228790283,4.41390514373779,13.9228448867798
30-Aug-2021 08:00:00,77.1896228790283,5.16093707084656,19.0189113616943
30-Aug-2021 09:00:00,77.1884269714355,5.62296271324158,34.0012493133545
30-Aug-2021 10:00:00,77.1896228790283,4.52821660041809,28.670337677002
30-Aug-2021 11:00:00,77.1898517608643,4.49844372272491,11.2051215171814
30-Aug-2021 12:00:00,77.1896228790283,5.09768056869507,33.2449035644531
30-Aug-2021 13:00:00,77.1896228790283,4.36309242248535,28.1463952064514
30-Aug-2021 14:00:00,77.1898517608643,4.78062629699707,18.6213397979736
30-Aug-2021 15:00:00,77.1896228790283,3.75408339500427,39.3895807266235
30-Aug-2021 16:00:00,77.1900768280029,3.39144515991211,29.4690198898315
30-Aug-2021 17:00:00,77.1903343200684,4.41282939910889,38.6277008056641
30-Aug-2021 18:00:00,77.1896228790283,3.20397925376892,34.9254493713379
30-Aug-2021 19:00:00,77.1891403198242,2.93784272670746,16.6350607872009
30-Aug-2021 20:00:00,77.1889114379883,2.9443621635437,15.7385683059692
30-Aug-2021 21:00:00,77.1896228790283,3.83488500118256,15.4772477149963
30-Aug-2021 22:00:00,77.1896228790283,4.22271502017975,354.314137160778
30-Aug-2021 23:00:00,77.190788269043,4.71303296089172,10.6397094726563
31-Aug-2021 00:00:00,77.1889114379883,4.07306158542633,2.05526399612423
31-Aug-2021 01:00:00,77.1893653869629,4.76861321926117,346.691619873047
31-Aug-2021 02:00:00,77.1891403198242,5.22826647758484,341.875564575195
31-Aug-2021 03:00:00,77.1898517608643,NaN,NaN
31-Aug-2021 04:00:00,77.1898517608643,NaN,NaN
31-Aug-2021 05:00:00,77.1900768280029,5.05271625518799,356.312622070312
31-Aug-2021 06:00:00,77.1900768280029,3.69545364379883,353.950561523437
31-Aug-2021 07:00:00,77.1896228790283,2.59876072406769,5.3324122428894
31-Aug-2021 08:00:00,77.1896228790283,3.15204811096191,6.36181974411012
31-Aug-2021 09:00:00,77.1896228790283,3.66096794605255,8.4672315120697
31-Aug-2021 10:00:00,77.1891403198242,4.62481558322906,15.3714098930359
31-Aug-2021 11:00:00,77.1889114379883,5.16223430633545,25.1510210037231
31-Aug-2021 12:00:00,77.1886520385742,4.37704420089722,18.788209438324
31-Aug-2021 13:00:00,77.1896228790283,3.40148961544037,21.0002956390381
31-Aug-2021 14:00:00,77.1891403198242,3.77788066864014,25.4915781021118
31-Aug-2021 15:00:00,77.1896228790283,4.81580805778503,355.367584228516
31-Aug-2021 16:00:00,77.1903343200684,4.75302076339722,347.77668762207
31-Aug-2021 17:00:00,77.1896228790283,5.94509553909302,329.642929077148
31-Aug-2021 18:00:00,77.1905632019043,4.4540843963623,334.380187988281
31-Aug-2021 19:00:00,77.1903343200684,5.51753449440002,319.72233581543
31-Aug-2021 20:00:00,77.1896228790283,4.94652581214905,321.376419067383
31-Aug-2021 21:00:00,77.1898517608643,4.23265528678894,311.455474853516
31-Aug-2021 22:00:00,77.1900768280029,4.97651815414429,320.152572631836
31-Aug-2021 23:00:00,77.1896228790283,4.81792759895325,322.218566894531
01-Sep-2021 00:00:00,77.1889114379883,5.09637641906738,325.223098754883
01-Sep-2021 01:00:00,77.1896228790283,4.80523824691772,326.667373657227
01-Sep-2021 02:00:00,77.1900768280029,4.03666126728058,331.353866577148
01-Sep-2021 03:00:00,77.1893653869629,3.91265630722046,327.780349731445
01-Sep-2021 04:00:00,77.1900768280029,4.21387374401093,326.125122070312
01-Sep-2021 05:00:00,77.1893978118896,4.35424089431763,321.552627563477
01-Sep-2021 06:00:00,77.1898517608643,4.26740169525146,322.290161132812
01-Sep-2021 07:00:00,77.1900768280029,4.46372890472412,322.07275390625
01-Sep-2021 08:00:00,77.1903343200684,3.75557339191437,301.976684570312
01-Sep-2021 09:00:00,77.1896228790283,4.54755020141602,292.30827331543
01-Sep-2021 10:00:00,77.1896228790283,5.05205059051514,287.205856323242
01-Sep-2021 11:00:00,77.1889114379883,5.14392518997192,284.754669189453
01-Sep-2021 12:00:00,77.1889114379883,5.68097138404846,310.559234619141
01-Sep-2021 13:00:00,77.1893653869629,5.59559965133667,313.81201171875
01-Sep-2021 14:00:00,77.1893653869629,5.8353590965271,316.404342651367
01-Sep-2021 15:00:00,77.1893653869629,5.89546632766724,318.24951171875
01-Sep-2021 16:00:00,77.1898517608643,5.57494568824768,314.552780151367
01-Sep-2021 17:00:00,77.1898517608643,5.45240259170532,298.217132568359
01-Sep-2021 18:00:00,77.1896228790283,6.84989166259766,310.653076171875
01-Sep-2021 19:00:00,77.1903343200684,5.59479093551636,322.507064819336
01-Sep-2021 20:00:00,77.1896228790283,5.24347710609436,325.569625854492
01-Sep-2021 21:00:00,77.1889114379883,5.37621068954468,326.846954345703
01-Sep-2021 22:00:00,77.1898517608643,4.27241778373718,311.394592285156
01-Sep-2021 23:00:00,77.1903343200684,4.51588904857635,308.096237182617
02-Sep-2021 00:00:00,77.1898517608643,4.0729147195816,301.606826782227
02-Sep-2021 01:00:00,77.1891403198242,3.66818797588348,300.104827880859
02-Sep-2021 02:00:00,77.1898517608643,3.16392624378204,294.067947387695
02-Sep-2021 03:00:00,77.1900768280029,3.86791110038757,312.94889831543
02-Sep-2021 04:00:00,77.1896228790283,2.18136447668076,288.903671264648
02-Sep-2021 05:00:00,77.1905632019043,2.73861658573151,278.908889770508
02-Sep-2021 06:00:00,77.1898517608643,2.04990357160568,284.874542236328
02-Sep-2021 07:00:00,77.1898517608643,2.05797034502029,297.594467163086
02-Sep-2021 08:00:00,77.1896228790283,1.99709510803223,288.571563720703
02-Sep-2021 09:00:00,77.1900768280029,3.39520311355591,281.250717163086
02-Sep-2021 10:00:00,77.1900768280029,3.31614089012146,292.210174560547
02-Sep-2021 11:00:00,77.1898517608643,2.71662247180939,312.835739135742
02-Sep-2021 12:00:00,77.1905632019043,2.17425549030304,302.463470458984
02-Sep-2021 13:00:00,77.1896228790283,2.20058524608612,279.21240234375
02-Sep-2021 14:00:00,77.1898517608643,3.29079759120941,283.362533569336
02-Sep-2021 15:00:00,78.8928813934326,0.867092072963715,278.859649658203
02-Sep-2021 16:00:00,77.1898517608643,2.47292196750641,278.778701782227
02-Sep-2021 17:00:00,77.1898517608643,2.48692405223846,273.15869140625
02-Sep-2021 18:00:00,77.1896228790283,2.54192620515823,298.60905456543
02-Sep-2021 19:00:00,77.1896228790283,1.50147879123688,312.014205932617
02-Sep-2021 20:00:00,77.1908226013184,2.43122851848602,330.460662841797
02-Sep-2021 21:00:00,77.1893978118896,2.21694695949554,335.026748657227
02-Sep-2021 22:00:00,77.1896228790283,2.74493265151978,317.093826293945
02-Sep-2021 23:00:00,77.1896228790283,2.7594907283783,308.096328735352
03-Sep-2021 00:00:00,77.1905632019043,2.72028112411499,290.375747680664
03-Sep-2021 01:00:00,77.1896228790283,3.28893840312958,278.181671142578
03-Sep-2021 02:00:00,77.1893978118896,4.0947961807251,276.846298217773
03-Sep-2021 03:00:00,77.1896228790283,3.95933198928833,279.892944335938
03-Sep-2021 04:00:00,77.1898517608643,4.80542874336243,285.245071411133
03-Sep-2021 05:00:00,77.1896228790283,4.86831855773926,285.110565185547
03-Sep-2021 06:00:00,77.1896228790283,4.33089971542358,293.027191162109
03-Sep-2021 07:00:00,77.1893978118896,5.63727998733521,301.793701171875
03-Sep-2021 08:00:00,77.1903343200684,5.61623048782349,292.706390380859
03-Sep-2021 09:00:00,77.1896228790283,6.14542841911316,292.157745361328
03-Sep-2021 10:00:00,77.1898517608643,5.97087240219116,281.324966430664
03-Sep-2021 11:00:00,77.1889114379883,5.7344024181366,289.003219604492
03-Sep-2021 12:00:00,77.1896228790283,6.1766414642334,290.781646728516
03-Sep-2021 13:00:00,77.1889114379883,5.86275005340576,289.84912109375
03-Sep-2021 14:00:00,77.1893978118896,6.32620644569397,302.964859008789
03-Sep-2021 15:00:00,77.1896228790283,5.95441031455994,300.041702270508
03-Sep-2021 16:00:00,77.1903343200684,5.62171363830566,309.887435913086
03-Sep-2021 17:00:00,77.1896228790283,6.13704013824463,300.159744262695
03-Sep-2021 18:00:00,77.1893978118896,6.15462732315063,310.822402954102
03-Sep-2021 19:00:00,77.1893978118896,5.4756064414978,312.619018554688
03-Sep-2021 20:00:00,77.1896228790283,6.55869722366333,325.888381958008
03-Sep-2021 21:00:00,77.1898517608643,5.01688766479492,327.446624755859
03-Sep-2021 22:00:00,77.1908226013184,5.79493594169617,325.941345214844
03-Sep-2021 23:00:00,77.1901092529297,5.1450936794281,334.22721862793
04-Sep-2021 00:00:00,77.1893978118896,4.44899821281433,335.412826538086
04-Sep-2021 01:00:00,77.1896228790283,4.91534519195557,338.160751342773
04-Sep-2021 02:00:00,77.1893978118896,3.65545916557312,333.215896606445
04-Sep-2021 03:00:00,77.1903343200684,2.18578392267227,312.953948974609
04-Sep-2021 04:00:00,77.1896228790283,3.43315243721008,305.420333862305
04-Sep-2021 05:00:00,77.1889114379883,4.24240756034851,318.202651977539
04-Sep-2021 06:00:00,77.1889114379883,4.56913065910339,323.315155029297
04-Sep-2021 07:00:00,77.1898517608643,4.12105417251587,332.097396850586
04-Sep-2021 08:00:00,77.1903343200684,4.20473456382751,330.458831787109
04-Sep-2021 09:00:00,77.1893978118896,3.65332686901093,320.517364501953
04-Sep-2021 10:00:00,77.1898517608643,3.51667451858521,336.685119628906
04-Sep-2021 11:00:00,77.1896228790283,2.80910134315491,47.6318817138672
04-Sep-2021 12:00:00,77.1896228790283,1.95988875627518,83.810375213623
04-Sep-2021 13:00:00,77.1896228790283,1.99389892816544,119.817157745361
04-Sep-2021 14:00:00,77.190788269043,1.86585009098053,101.773700714111
04-Sep-2021 15:00:00,77.1896228790283,1.94862776994705,134.522956848145
04-Sep-2021 16:00:00,77.1896228790283,0.774843394756317,70.1848201751709
04-Sep-2021 17:00:00,77.1901092529297,1.9866726398468,72.7858352661133
04-Sep-2021 18:00:00,77.1903343200684,5.51911211013794,69.8770904541016
04-Sep-2021 19:00:00,77.1896228790283,5.27277159690857,54.8656387329102
04-Sep-2021 20:00:00,77.1893978118896,4.6991503238678,51.8781127929688
04-Sep-2021 21:00:00,77.1903343200684,4.4635683298111,60.3029670715332
04-Sep-2021 22:00:00,77.1903343200684,4.84562611579895,69.4673614501953
04-Sep-2021 23:00:00,77.1893978118896,NaN,NaN
05-Sep-2021 00:00:00,77.1896228790283,3.68879961967468,80.3262481689453
05-Sep-2021 01:00:00,77.1896228790283,NaN,NaN
05-Sep-2021 02:00:00,77.1896228790283,NaN,NaN
05-Sep-2021 03:00:00,77.1896228790283,NaN,NaN
05-Sep-2021 04:00:00,77.1898517608643,NaN,NaN
05-Sep-2021 05:00:00,77.1893978118896,NaN,NaN
05-Sep-2021 06:00:00,77.1896228790283,NaN,NaN
05-Sep-2021 07:00:00,77.1893978118896,2.85832500457764,97.6996383666992
05-Sep-2021 08:00:00,77.191047668457,2.25752425193787,80.4755096435547
05-Sep-2021 09:00:00,77.1896228790283,2.53400599956512,82.9210090637207
05-Sep-2021 10:00:00,77.1896228790283,2.10879969596863,72.1570510864258
05-Sep-2021 11:00:00,77.1893978118896,2.37576270103455,103.538803100586
05-Sep-2021 12:00:00,77.1896228790283,1.46238392591476,121.410228729248
05-Sep-2021 13:00:00,77.1898517608643,2.45799660682678,127.803676605225
05-Sep-2021 14:00:00,77.1893978118896,2.89403390884399,120.255317687988
05-Sep-2021 15:00:00,77.191047668457,3.21838796138763,117.055931091309
05-Sep-2021 16:00:00,77.1896228790283,4.39177536964417,108.981700897217
05-Sep-2021 17:00:00,77.1905632019043,3.43135368824005,116.361907958984
05-Sep-2021 18:00:00,77.1905632019043,3.20879626274109,129.932689666748
05-Sep-2021 19:00:00,77.1903343200684,2.28806674480438,125.632625579834
05-Sep-2021 20:00:00,77.1901092529297,2.79167234897614,130.594150543213
05-Sep-2021 21:00:00,77.1896228790283,2.41039800643921,136.235641479492
05-Sep-2021 22:00:00,77.1896228790283,1.53240609169006,131.458351135254
05-Sep-2021 23:00:00,77.1896228790283,0.377645242959261,38.3949747085571
06-Sep-2021 00:00:00,77.1903343200684,1.66302353143692,25.4173765182495
06-Sep-2021 01:00:00,77.1896228790283,1.3466320335865,355.347913920879
06-Sep-2021 02:00:00,77.1893978118896,1.46720546483994,303.629837036133
06-Sep-2021 03:00:00,77.1896228790283,1.24428915977478,357.519149303436
06-Sep-2021 04:00:00,77.1893978118896,0.92042875289917,52.0455207824707
06-Sep-2021 05:00:00,77.1908226013184,NaN,NaN
06-Sep-2021 06:00:00,77.1898517608643,NaN,NaN
06-Sep-2021 07:00:00,77.1893978118896,0.618050575256348,170.409042358398
06-Sep-2021 08:00:00,77.1896228790283,0.560404360294342,223.111747741699
06-Sep-2021 09:00:00,77.1896228790283,2.2316642999649,281.713348388672
06-Sep-2021 10:00:00,77.1896228790283,2.76058661937714,271.377578735352
06-Sep-2021 11:00:00,77.1893978118896,3.36736810207367,291.281967163086
06-Sep-2021 12:00:00,77.1903343200684,2.8550614118576,280.273300170898
06-Sep-2021 13:00:00,77.1893978118896,3.50013566017151,303.201156616211
06-Sep-2021 14:00:00,77.1889114379883,3.29956328868866,290.40544128418
06-Sep-2021 15:00:00,77.1896228790283,1.66196799278259,299.624572753906
06-Sep-2021 16:00:00,77.1896228790283,3.09124553203583,304.787506103516
06-Sep-2021 17:00:00,77.1898517608643,4.08369052410126,328.614669799805
06-Sep-2021 18:00:00,77.1896228790283,5.09862971305847,331.87336730957
06-Sep-2021 19:00:00,77.1896228790283,3.67466568946838,328.575042724609
06-Sep-2021 20:00:00,77.191276550293,3.21697771549225,328.839752197266
06-Sep-2021 21:00:00,77.1893978118896,3.3345912694931,323.672958374023
06-Sep-2021 22:00:00,77.1898517608643,2.6622599363327,310.546630859375
06-Sep-2021 23:00:00,77.1893978118896,3.387486577034,326.440704345703
07-Sep-2021 00:00:00,77.1896228790283,3.29269397258759,325.041656494141
07-Sep-2021 01:00:00,77.1901092529297,2.58334541320801,324.921173095703
07-Sep-2021 02:00:00,77.1896228790283,2.29598647356033,343.817199707031
07-Sep-2021 03:00:00,77.1896228790283,3.01362252235413,337.750213623047
07-Sep-2021 04:00:00,77.191047668457,2.45152497291565,353.196655273438
07-Sep-2021 05:00:00,77.1896228790283,2.26947999000549,349.931823730469
07-Sep-2021 06:00:00,77.1896228790283,1.99964600801468,346.258163452148
07-Sep-2021 07:00:00,77.1901092529297,1.42912662029266,343.486434936523
07-Sep-2021 08:00:00,77.190788269043,1.15340408682823,9.33994483947752
07-Sep-2021 09:00:00,77.1896228790283,1.02794110774994,64.3490200042725
07-Sep-2021 10:00:00,77.191047668457,0.796710133552551,144.715232849121
07-Sep-2021 11:00:00,77.1903343200684,1.16925716400146,146.781272888184
07-Sep-2021 12:00:00,77.1893978118896,1.78603082895279,154.420097351074
07-Sep-2021 13:00:00,77.1898517608643,1.44026565551758,126.601680755615
07-Sep-2021 14:00:00,77.1886863708496,0.951390475034714,159.265602111816
07-Sep-2021 15:00:00,77.1896228790283,1.6186255812645,157.281806945801
07-Sep-2021 16:00:00,77.1889114379883,0.888712584972382,150.075668334961
07-Sep-2021 17:00:00,77.1896228790283,2.71488392353058,281.038925170898
07-Sep-2021 18:00:00,77.1896228790283,2.45766007900238,348.906173706055
07-Sep-2021 19:00:00,77.1893978118896,0.964871346950531,21.0315103530884
07-Sep-2021 20:00:00,77.1905632019043,0.323981761932373,92.4156489372253
07-Sep-2021 21:00:00,77.1896228790283,1.49464446306229,175.125511169434
07-Sep-2021 22:00:00,77.1896228790283,3.29404187202454,164.194717407227
07-Sep-2021 23:00:00,77.1901092529297,2.96591138839722,154.128601074219
08-Sep-2021 00:00:00,77.1893978118896,3.44419384002686,161.119667053223
08-Sep-2021 01:00:00,77.1903343200684,3.15210354328156,155.590675354004
08-Sep-2021 02:00:00,77.1893978118896,3.75306797027588,154.630592346191
08-Sep-2021 03:00:00,77.1893978118896,NaN,NaN
08-Sep-2021 04:00:00,77.1893978118896,NaN,NaN
08-Sep-2021 05:00:00,77.1901092529297,NaN,NaN
08-Sep-2021 06:00:00,77.1898517608643,NaN,NaN
08-Sep-2021 07:00:00,77.1893978118896,1.45642971992493,150.234474182129
08-Sep-2021 08:00:00,77.1898517608643,2.10916984081268,150.522132873535
08-Sep-2021 09:00:00,77.1896228790283,2.93808948993683,152.911575317383
08-Sep-2021 10:00:00,77.1905632019043,3.43692743778229,159.639778137207
08-Sep-2021 11:00:00,77.1891403198242,2.15658032894135,153.273094177246
08-Sep-2021 12:00:00,77.1896228790283,2.0489017367363,140.449794769287
08-Sep-2021 13:00:00,77.1896228790283,2.78060007095337,150.019958496094
08-Sep-2021 14:00:00,77.1884269714355,3.39371597766876,141.578369140625
08-Sep-2021 15:00:00,77.1898517608643,3.77183067798615,154.551643371582
08-Sep-2021 16:00:00,77.1889114379883,4.2281322479248,103.09300994873
08-Sep-2021 17:00:00,77.1896228790283,4.06293594837189,117.757457733154
08-Sep-2021 18:00:00,77.1896228790283,4.42659282684326,115.280410766602
08-Sep-2021 19:00:00,77.1893978118896,4.73693680763245,107.685604095459
08-Sep-2021 20:00:00,77.1903343200684,5.11449241638184,115.01823425293
08-Sep-2021 21:00:00,77.1898517608643,4.93439650535583,122.465507507324
08-Sep-2021 22:00:00,77.1893978118896,5.08315896987915,120.166324615479
08-Sep-2021 23:00:00,77.1893978118896,4.69930708408356,117.975425720215
09-Sep-2021 00:00:00,77.1893978118896,4.42790520191193,117.600254058838
09-Sep-2021 01:00:00,77.1893978118896,4.57678925991058,117.52087020874
09-Sep-2021 02:00:00,77.1903343200684,3.86641001701355,124.583171844482
09-Sep-2021 03:00:00,77.1908226013184,3.69439339637756,124.285037994385
09-Sep-2021 04:00:00,77.1896228790283,3.64224147796631,121.099945068359
09-Sep-2021 05:00:00,77.1893978118896,2.53047829866409,119.350486755371
09-Sep-2021 06:00:00,77.1898517608643,3.49152183532715,118.490325927734
09-Sep-2021 07:00:00,77.1896228790283,2.28076881170273,147.730918884277
09-Sep-2021 08:00:00,77.190788269043,3.0866414308548,129.508590698242
09-Sep-2021 09:00:00,77.1898517608643,2.52510821819305,132.004367828369
09-Sep-2021 10:00:00,77.1889114379883,3.77101171016693,149.586303710938
09-Sep-2021 11:00:00,77.1891403198242,4.19316172599792,140.109222412109
09-Sep-2021 12:00:00,77.1896228790283,3.60436868667603,153.602394104004
09-Sep-2021 13:00:00,77.1886863708496,3.70494425296783,154.647537231445
09-Sep-2021 14:00:00,77.1898517608643,3.4047372341156,150.081817626953
09-Sep-2021 15:00:00,77.1896228790283,2.70239925384521,141.176666259766
09-Sep-2021 16:00:00,77.1901092529297,2.63772678375244,120.753807067871
09-Sep-2021 17:00:00,77.1889114379883,3.54187381267548,116.183650970459
09-Sep-2021 18:00:00,77.1893978118896,4.22631311416626,102.695987701416
09-Sep-2021 19:00:00,77.1903343200684,4.75981497764587,107.427433013916
09-Sep-2021 20:00:00,77.1903343200684,4.45634746551514,121.60046005249
09-Sep-2021 21:00:00,77.1893978118896,3.30746030807495,140.445648193359
09-Sep-2021 22:00:00,77.1896228790283,3.02102434635162,153.329521179199
09-Sep-2021 23:00:00,77.1898517608643,3.45133721828461,162.904563903809
